Compound,Channel,Experiment,Dose,Response
Amiodarone,hERG,1,0.0008,0
Amiodarone,hERG,2,0.0008,0
Amiodarone,hERG,3,0.0008,0
Amiodarone,hERG,1,0.08,12
Amiodarone,hERG,2,0.08,17.8
Amiodarone,hERG,3,0.08,14.8
Amiodarone,hERG,1,0.8,37.5
Amiodarone,hERG,2,0.8,62.7
Amiodarone,hERG,3,0.8,60.2
Amiodarone,hERG,1,8,66.5
Amiodarone,hERG,2,8,80.2
Amiodarone,hERG,3,8,73.3
Amiodarone,Nav1.5-peak,1,0.0008,0
Amiodarone,Nav1.5-peak,2,0.0008,0.2
Amiodarone,Nav1.5-peak,3,0.0008,0.04
Amiodarone,Nav1.5-peak,1,0.08,0
Amiodarone,Nav1.5-peak,2,0.08,0.5
Amiodarone,Nav1.5-peak,3,0.08,0.3
Amiodarone,Nav1.5-peak,1,0.8,25.3
Amiodarone,Nav1.5-peak,2,0.8,17.5
Amiodarone,Nav1.5-peak,3,0.8,26.9
Amiodarone,Nav1.5-peak,4,0.8,24.1
Amiodarone,Nav1.5-peak,1,8,60.3
Amiodarone,Nav1.5-peak,2,8,75.3
Amiodarone,Nav1.5-peak,3,8,42.3
Amiodarone,Nav1.5-late,1,0.0008,2.3
Amiodarone,Nav1.5-late,2,0.0008,0
Amiodarone,Nav1.5-late,3,0.0008,0
Amiodarone,Nav1.5-late,1,0.08,21
Amiodarone,Nav1.5-late,2,0.08,13.5
Amiodarone,Nav1.5-late,3,0.08,9.2
Amiodarone,Nav1.5-late,1,0.8,28.4
Amiodarone,Nav1.5-late,2,0.8,23.8
Amiodarone,Nav1.5-late,3,0.8,49.7
Amiodarone,Nav1.5-late,1,8,38.4
Amiodarone,Nav1.5-late,2,8,36.9
Amiodarone,Nav1.5-late,3,8,59.3
Amiodarone,Nav1.5-late,4,8,53.3
Amiodarone,Cav1.2,1,0.0008,0
Amiodarone,Cav1.2,2,0.0008,1.9
Amiodarone,Cav1.2,3,0.0008,0.3
Amiodarone,Cav1.2,1,0.08,17.4
Amiodarone,Cav1.2,2,0.08,12.9
Amiodarone,Cav1.2,3,0.08,19.1
Amiodarone,Cav1.2,1,0.8,36.8
Amiodarone,Cav1.2,2,0.8,52.8
Amiodarone,Cav1.2,3,0.8,40.9
Amiodarone,Cav1.2,1,8,69.2
Amiodarone,Cav1.2,2,8,83.6
Amiodarone,Cav1.2,3,8,69.6
Amiodarone,KvLQT1/mink,1,0.0008,4.6
Amiodarone,KvLQT1/mink,2,0.0008,0
Amiodarone,KvLQT1/mink,3,0.0008,0.5
Amiodarone,KvLQT1/mink,1,0.08,4.3
Amiodarone,KvLQT1/mink,2,0.08,3.9
Amiodarone,KvLQT1/mink,3,0.08,3.5
Amiodarone,KvLQT1/mink,1,0.8,13.3
Amiodarone,KvLQT1/mink,2,0.8,20.9
Amiodarone,KvLQT1/mink,3,0.8,9.6
Amiodarone,KvLQT1/mink,1,8,23.6
Amiodarone,KvLQT1/mink,2,8,39.9
Amiodarone,KvLQT1/mink,3,8,48.7
Amiodarone,Kv4.3,1,0.0008,6.2
Amiodarone,Kv4.3,2,0.0008,1.6
Amiodarone,Kv4.3,3,0.0008,4.6
Amiodarone,Kv4.3,4,0.0008,14.3
Amiodarone,Kv4.3,1,0.08,18.5
Amiodarone,Kv4.3,2,0.08,27
Amiodarone,Kv4.3,3,0.08,6.1
Amiodarone,Kv4.3,4,0.08,27.3
Amiodarone,Kv4.3,1,0.8,38.5
Amiodarone,Kv4.3,2,0.8,49.3
Amiodarone,Kv4.3,3,0.8,19.7
Amiodarone,Kv4.3,4,0.8,28.6
Amiodarone,Kv4.3,1,8,74.9
Amiodarone,Kv4.3,2,8,45.5
Amiodarone,Kv4.3,3,8,55.9
Amiodarone,Kir2.1,1,0.0008,2.9
Amiodarone,Kir2.1,2,0.0008,0
Amiodarone,Kir2.1,3,0.0008,3.4
Amiodarone,Kir2.1,1,0.08,0
Amiodarone,Kir2.1,2,0.08,0
Amiodarone,Kir2.1,3,0.08,0
Amiodarone,Kir2.1,1,0.8,0.9
Amiodarone,Kir2.1,2,0.8,3.5
Amiodarone,Kir2.1,3,0.8,0
Amiodarone,Kir2.1,1,8,1.5
Amiodarone,Kir2.1,2,8,0
Amiodarone,Kir2.1,3,8,0
Amitriptyline,hERG,1,0.036,0
Amitriptyline,hERG,2,0.036,0
Amitriptyline,hERG,3,0.036,2.7
Amitriptyline,hERG,1,0.36,11.1
Amitriptyline,hERG,2,0.36,7.4
Amitriptyline,hERG,3,0.36,17.2
Amitriptyline,hERG,1,3.6,34.2
Amitriptyline,hERG,2,3.6,52.3
Amitriptyline,hERG,3,3.6,58
Amitriptyline,hERG,1,36,92.6
Amitriptyline,hERG,2,36,94.8
Amitriptyline,hERG,3,36,88.2
Amitriptyline,Nav1.5-peak,1,0.036,3.1
Amitriptyline,Nav1.5-peak,2,0.036,0
Amitriptyline,Nav1.5-peak,3,0.036,0
Amitriptyline,Nav1.5-peak,1,0.36,8
Amitriptyline,Nav1.5-peak,2,0.36,11.6
Amitriptyline,Nav1.5-peak,3,0.36,14.5
Amitriptyline,Nav1.5-peak,1,3.6,28.3
Amitriptyline,Nav1.5-peak,2,3.6,34.1
Amitriptyline,Nav1.5-peak,3,3.6,37.7
Amitriptyline,Nav1.5-peak,1,36,95.4
Amitriptyline,Nav1.5-peak,2,36,91.4
Amitriptyline,Nav1.5-peak,3,36,95.7
Amitriptyline,Nav1.5-late,1,0.036,0
Amitriptyline,Nav1.5-late,2,0.036,0
Amitriptyline,Nav1.5-late,3,0.036,5.8
Amitriptyline,Nav1.5-late,1,0.36,30.5
Amitriptyline,Nav1.5-late,2,0.36,20.4
Amitriptyline,Nav1.5-late,3,0.36,30.3
Amitriptyline,Nav1.5-late,1,3.6,47.5
Amitriptyline,Nav1.5-late,2,3.6,34.9
Amitriptyline,Nav1.5-late,3,3.6,51.8
Amitriptyline,Nav1.5-late,1,36,85.4
Amitriptyline,Nav1.5-late,2,36,66
Amitriptyline,Nav1.5-late,3,36,74.4
Amitriptyline,Cav1.2,1,0.036,4
Amitriptyline,Cav1.2,2,0.036,6.4
Amitriptyline,Cav1.2,3,0.036,5.8
Amitriptyline,Cav1.2,1,0.36,24.5
Amitriptyline,Cav1.2,2,0.36,17.4
Amitriptyline,Cav1.2,3,0.36,19.8
Amitriptyline,Cav1.2,1,3.6,76.7
Amitriptyline,Cav1.2,2,3.6,64.9
Amitriptyline,Cav1.2,3,3.6,82.2
Amitriptyline,Cav1.2,1,36,97.8
Amitriptyline,Cav1.2,2,36,93.1
Amitriptyline,Cav1.2,3,36,93.8
Amitriptyline,KvLQT1/mink,1,0.036,10.1
Amitriptyline,KvLQT1/mink,2,0.036,16.6
Amitriptyline,KvLQT1/mink,3,0.036,9.7
Amitriptyline,KvLQT1/mink,1,0.36,34.8
Amitriptyline,KvLQT1/mink,2,0.36,27.2
Amitriptyline,KvLQT1/mink,3,0.36,21.8
Amitriptyline,KvLQT1/mink,1,3.6,44.1
Amitriptyline,KvLQT1/mink,2,3.6,48.8
Amitriptyline,KvLQT1/mink,3,3.6,57.7
Amitriptyline,KvLQT1/mink,1,36,93.3
Amitriptyline,KvLQT1/mink,2,36,62.3
Amitriptyline,KvLQT1/mink,3,36,82.4
Amitriptyline,KvLQT1/mink,4,36,81.9
Amitriptyline,Kv4.3,1,0.036,26.1
Amitriptyline,Kv4.3,2,0.036,50.8
Amitriptyline,Kv4.3,3,0.036,19.7
Amitriptyline,Kv4.3,4,0.036,-2.6
Amitriptyline,Kv4.3,5,0.036,0
Amitriptyline,Kv4.3,1,0.36,47.8
Amitriptyline,Kv4.3,2,0.36,58.8
Amitriptyline,Kv4.3,3,0.36,3.6
Amitriptyline,Kv4.3,4,0.36,11.7
Amitriptyline,Kv4.3,1,3.6,63.8
Amitriptyline,Kv4.3,2,3.6,80.9
Amitriptyline,Kv4.3,3,3.6,12
Amitriptyline,Kv4.3,4,3.6,19.5
Amitriptyline,Kv4.3,1,36,80
Amitriptyline,Kv4.3,2,36,87.7
Amitriptyline,Kv4.3,3,36,71.7
Amitriptyline,Kv4.3,4,36,80
Amitriptyline,Kv4.3,5,36,87.7
Amitriptyline,Kv4.3,6,36,80
Amitriptyline,Kir2.1,1,0.036,0
Amitriptyline,Kir2.1,2,0.036,0
Amitriptyline,Kir2.1,3,0.036,0
Amitriptyline,Kir2.1,1,0.36,0
Amitriptyline,Kir2.1,2,0.36,2.3
Amitriptyline,Kir2.1,3,0.36,5.2
Amitriptyline,Kir2.1,1,3.6,0
Amitriptyline,Kir2.1,2,3.6,1.7
Amitriptyline,Kir2.1,3,3.6,0
Amitriptyline,Kir2.1,1,36,0
Amitriptyline,Kir2.1,2,36,2.6
Amitriptyline,Kir2.1,3,36,12.2
Azithromycin,hERG,1,2,10.5
Azithromycin,hERG,2,2,10.6
Azithromycin,hERG,3,2,21.4
Azithromycin,hERG,1,20,34
Azithromycin,hERG,2,20,21.1
Azithromycin,hERG,3,20,55.8
Azithromycin,hERG,1,100,48.4
Azithromycin,hERG,2,100,36.2
Azithromycin,hERG,3,100,70.3
Azithromycin,hERG,1,300,73.7
Azithromycin,hERG,2,300,60.4
Azithromycin,hERG,3,300,70.7
Azithromycin,Nav1.5-peak,1,2,0
Azithromycin,Nav1.5-peak,2,2,0
Azithromycin,Nav1.5-peak,3,2,0
Azithromycin,Nav1.5-peak,1,20,0
Azithromycin,Nav1.5-peak,2,20,0
Azithromycin,Nav1.5-peak,3,20,4.1
Azithromycin,Nav1.5-peak,1,100,3.4
Azithromycin,Nav1.5-peak,2,100,0
Azithromycin,Nav1.5-peak,3,100,2.2
Azithromycin,Nav1.5-peak,1,300,18.9
Azithromycin,Nav1.5-peak,2,300,6
Azithromycin,Nav1.5-peak,3,300,17.5
Azithromycin,Nav1.5-late,1,2,0
Azithromycin,Nav1.5-late,2,2,2.4
Azithromycin,Nav1.5-late,3,2,3.2
Azithromycin,Nav1.5-late,1,20,0.9
Azithromycin,Nav1.5-late,2,20,7.8
Azithromycin,Nav1.5-late,3,20,3.9
Azithromycin,Nav1.5-late,1,100,23.3
Azithromycin,Nav1.5-late,2,100,20.9
Azithromycin,Nav1.5-late,3,100,24.4
Azithromycin,Nav1.5-late,1,300,64.2
Azithromycin,Nav1.5-late,2,300,80.7
Azithromycin,Nav1.5-late,3,300,66.6
Azithromycin,Cav1.2,1,2,0
Azithromycin,Cav1.2,2,2,0
Azithromycin,Cav1.2,3,2,0
Azithromycin,Cav1.2,1,20,0
Azithromycin,Cav1.2,2,20,0
Azithromycin,Cav1.2,3,20,0
Azithromycin,Cav1.2,1,100,1.5
Azithromycin,Cav1.2,2,100,0
Azithromycin,Cav1.2,3,100,3.8
Azithromycin,Cav1.2,4,100,2.6
Azithromycin,Cav1.2,5,100,0.3
Azithromycin,Cav1.2,1,300,28.8
Azithromycin,Cav1.2,2,300,5.6
Azithromycin,Cav1.2,3,300,8.7
Azithromycin,Cav1.2,4,300,13.7
Azithromycin,KvLQT1/mink,1,2,0
Azithromycin,KvLQT1/mink,2,2,0
Azithromycin,KvLQT1/mink,3,2,0
Azithromycin,KvLQT1/mink,1,20,0
Azithromycin,KvLQT1/mink,2,20,0
Azithromycin,KvLQT1/mink,3,20,0
Azithromycin,KvLQT1/mink,1,100,11.9
Azithromycin,KvLQT1/mink,2,100,10.5
Azithromycin,KvLQT1/mink,3,100,11.7
Azithromycin,KvLQT1/mink,1,300,31.4
Azithromycin,KvLQT1/mink,2,300,19.3
Azithromycin,KvLQT1/mink,3,300,39.1
Azithromycin,KvLQT1/mink,4,300,50.7
Azithromycin,Kv4.3,1,2,9.6
Azithromycin,Kv4.3,2,2,19.2
Azithromycin,Kv4.3,3,2,10.4
Azithromycin,Kv4.3,1,20,47.9
Azithromycin,Kv4.3,2,20,44.2
Azithromycin,Kv4.3,3,20,6.1
Azithromycin,Kv4.3,1,100,68.5
Azithromycin,Kv4.3,2,100,55.7
Azithromycin,Kv4.3,3,100,18.4
Azithromycin,Kv4.3,1,300,83.6
Azithromycin,Kv4.3,2,300,67.3
Azithromycin,Kv4.3,3,300,53.8
Azithromycin,Kir2.1,1,2,0
Azithromycin,Kir2.1,2,2,0
Azithromycin,Kir2.1,3,2,0
Azithromycin,Kir2.1,1,20,0
Azithromycin,Kir2.1,2,20,0
Azithromycin,Kir2.1,3,20,0
Azithromycin,Kir2.1,1,100,0
Azithromycin,Kir2.1,2,100,0
Azithromycin,Kir2.1,3,100,0
Azithromycin,Kir2.1,1,300,3.6
Azithromycin,Kir2.1,2,300,5.4
Azithromycin,Kir2.1,3,300,2.8
Bepridil,hERG,1,0.03,24.2
Bepridil,hERG,2,0.03,15.5
Bepridil,hERG,3,0.03,12.5
Bepridil,hERG,1,0.18,83.9
Bepridil,hERG,2,0.18,50.2
Bepridil,hERG,3,0.18,38.2
Bepridil,hERG,1,0.9,94.7
Bepridil,hERG,2,0.9,78
Bepridil,hERG,3,0.9,64
Bepridil,hERG,1,3,100
Bepridil,hERG,2,3,100
Bepridil,hERG,3,3,84.2
Bepridil,Nav1.5-peak,1,0.03,0
Bepridil,Nav1.5-peak,2,0.03,2.2
Bepridil,Nav1.5-peak,3,0.03,1.2
Bepridil,Nav1.5-peak,1,0.18,5.4
Bepridil,Nav1.5-peak,2,0.18,7.9
Bepridil,Nav1.5-peak,3,0.18,8.1
Bepridil,Nav1.5-peak,4,0.18,13.9
Bepridil,Nav1.5-peak,1,0.9,15.2
Bepridil,Nav1.5-peak,2,0.9,9.1
Bepridil,Nav1.5-peak,3,0.9,13.1
Bepridil,Nav1.5-peak,1,3,61.7
Bepridil,Nav1.5-peak,2,3,53.7
Bepridil,Nav1.5-peak,3,3,42.8
Bepridil,Nav1.5-peak,4,3,48.6
Bepridil,Nav1.5-late,1,0.03,2
Bepridil,Nav1.5-late,2,0.03,5.9
Bepridil,Nav1.5-late,3,0.03,0
Bepridil,Nav1.5-late,1,0.18,2.9
Bepridil,Nav1.5-late,2,0.18,5.5
Bepridil,Nav1.5-late,3,0.18,0
Bepridil,Nav1.5-late,1,0.9,20.7
Bepridil,Nav1.5-late,2,0.9,28.3
Bepridil,Nav1.5-late,3,0.9,32.8
Bepridil,Nav1.5-late,1,3,61.4
Bepridil,Nav1.5-late,2,3,61.5
Bepridil,Nav1.5-late,3,3,78.1
Bepridil,Cav1.2,1,0.03,3.7
Bepridil,Cav1.2,2,0.03,1.6
Bepridil,Cav1.2,3,0.03,7.4
Bepridil,Cav1.2,1,0.18,25.8
Bepridil,Cav1.2,2,0.18,7.7
Bepridil,Cav1.2,3,0.18,9.9
Bepridil,Cav1.2,1,0.9,46.7
Bepridil,Cav1.2,2,0.9,26.1
Bepridil,Cav1.2,3,0.9,25.9
Bepridil,Cav1.2,1,3,57
Bepridil,Cav1.2,2,3,50.2
Bepridil,Cav1.2,3,3,44.9
Bepridil,KvLQT1/mink,1,0.03,0
Bepridil,KvLQT1/mink,2,0.03,0.9
Bepridil,KvLQT1/mink,3,0.03,0
Bepridil,KvLQT1/mink,1,0.18,0
Bepridil,KvLQT1/mink,2,0.18,0.7
Bepridil,KvLQT1/mink,3,0.18,0
Bepridil,KvLQT1/mink,1,0.9,2.4
Bepridil,KvLQT1/mink,2,0.9,17.9
Bepridil,KvLQT1/mink,3,0.9,11.2
Bepridil,KvLQT1/mink,4,0.9,7.3
Bepridil,KvLQT1/mink,1,3,18.8
Bepridil,KvLQT1/mink,2,3,14.6
Bepridil,KvLQT1/mink,3,3,15.2
Bepridil,Kv4.3,1,0.03,0
Bepridil,Kv4.3,2,0.03,0
Bepridil,Kv4.3,3,0.03,0
Bepridil,Kv4.3,1,0.18,0.2
Bepridil,Kv4.3,2,0.18,0
Bepridil,Kv4.3,3,0.18,0
Bepridil,Kv4.3,1,0.9,0.1
Bepridil,Kv4.3,2,0.9,0
Bepridil,Kv4.3,3,0.9,0
Bepridil,Kv4.3,1,3,0
Bepridil,Kv4.3,2,3,6.2
Bepridil,Kv4.3,3,3,3.2
Bepridil,Kv4.3,4,3,0
Bepridil,Kir2.1,1,0.03,2.9
Bepridil,Kir2.1,2,0.03,0.5
Bepridil,Kir2.1,3,0.03,0
Bepridil,Kir2.1,1,0.18,0
Bepridil,Kir2.1,2,0.18,0.2
Bepridil,Kir2.1,3,0.18,0
Bepridil,Kir2.1,1,0.9,0
Bepridil,Kir2.1,2,0.9,0
Bepridil,Kir2.1,3,0.9,0.4
Bepridil,Kir2.1,1,3,0
Bepridil,Kir2.1,2,3,0
Bepridil,Kir2.1,3,3,1.6
Chloroquine,hERG,1,0.25,5.5
Chloroquine,hERG,2,0.25,4.5
Chloroquine,hERG,3,0.25,7.9
Chloroquine,hERG,1,0.75,14.8
Chloroquine,hERG,2,0.75,22.3
Chloroquine,hERG,3,0.75,23.4
Chloroquine,hERG,1,2.5,42.2
Chloroquine,hERG,2,2.5,27.7
Chloroquine,hERG,3,2.5,50.5
Chloroquine,hERG,1,25,66.7
Chloroquine,hERG,2,25,66
Chloroquine,hERG,3,25,65.6
Chloroquine,Nav1.5-peak,1,0.25,0
Chloroquine,Nav1.5-peak,2,0.25,0
Chloroquine,Nav1.5-peak,3,0.25,1.1
Chloroquine,Nav1.5-peak,1,0.75,0
Chloroquine,Nav1.5-peak,2,0.75,0
Chloroquine,Nav1.5-peak,3,0.75,1.6
Chloroquine,Nav1.5-peak,1,2.5,0
Chloroquine,Nav1.5-peak,2,2.5,4.9
Chloroquine,Nav1.5-peak,3,2.5,9.1
Chloroquine,Nav1.5-peak,1,25,13.3
Chloroquine,Nav1.5-peak,2,25,21.6
Chloroquine,Nav1.5-peak,3,25,14.4
Chloroquine,Nav1.5-late,1,0.25,1.9
Chloroquine,Nav1.5-late,2,0.25,2.8
Chloroquine,Nav1.5-late,3,0.25,0
Chloroquine,Nav1.5-late,1,0.75,3.9
Chloroquine,Nav1.5-late,2,0.75,12
Chloroquine,Nav1.5-late,3,0.75,0
Chloroquine,Nav1.5-late,1,2.5,7.2
Chloroquine,Nav1.5-late,2,2.5,10.6
Chloroquine,Nav1.5-late,3,2.5,12.7
Chloroquine,Nav1.5-late,1,25,38.2
Chloroquine,Nav1.5-late,2,25,24.1
Chloroquine,Nav1.5-late,3,25,9.9
Chloroquine,Cav1.2,1,0.25,4.8
Chloroquine,Cav1.2,2,0.25,0
Chloroquine,Cav1.2,3,0.25,0.9
Chloroquine,Cav1.2,1,0.75,7
Chloroquine,Cav1.2,2,0.75,0
Chloroquine,Cav1.2,3,0.75,1.6
Chloroquine,Cav1.2,1,2.5,7.8
Chloroquine,Cav1.2,2,2.5,0
Chloroquine,Cav1.2,3,2.5,1
Chloroquine,Cav1.2,1,25,2.5
Chloroquine,Cav1.2,2,25,2.8
Chloroquine,Cav1.2,3,25,11.8
Chloroquine,KvLQT1/mink,1,0.25,0
Chloroquine,KvLQT1/mink,2,0.25,0.8
Chloroquine,KvLQT1/mink,3,0.25,0
Chloroquine,KvLQT1/mink,1,0.75,0.4
Chloroquine,KvLQT1/mink,2,0.75,0
Chloroquine,KvLQT1/mink,3,0.75,0
Chloroquine,KvLQT1/mink,1,2.5,3.3
Chloroquine,KvLQT1/mink,2,2.5,0.2
Chloroquine,KvLQT1/mink,3,2.5,1.8
Chloroquine,KvLQT1/mink,1,25,17.2
Chloroquine,KvLQT1/mink,2,25,22
Chloroquine,KvLQT1/mink,3,25,11.3
Chloroquine,Kv4.3,1,0.25,3.5
Chloroquine,Kv4.3,2,0.25,0
Chloroquine,Kv4.3,3,0.25,0
Chloroquine,Kv4.3,1,0.75,4.4
Chloroquine,Kv4.3,2,0.75,0.6
Chloroquine,Kv4.3,3,0.75,0
Chloroquine,Kv4.3,1,2.5,0
Chloroquine,Kv4.3,2,2.5,2.8
Chloroquine,Kv4.3,3,2.5,1
Chloroquine,Kv4.3,1,25,4.9
Chloroquine,Kv4.3,2,25,0
Chloroquine,Kv4.3,3,25,3.9
Chloroquine,Kv4.3,4,25,11.9
Chloroquine,Kv4.3,5,25,0
Chloroquine,Kv4.3,6,25,0.8
Chloroquine,Kir2.1,1,0.25,0
Chloroquine,Kir2.1,2,0.25,0
Chloroquine,Kir2.1,3,0.25,0
Chloroquine,Kir2.1,1,0.75,6.8
Chloroquine,Kir2.1,2,0.75,11.2
Chloroquine,Kir2.1,3,0.75,9
Chloroquine,Kir2.1,1,2.5,20.1
Chloroquine,Kir2.1,2,2.5,32.8
Chloroquine,Kir2.1,3,2.5,26.7
Chloroquine,Kir2.1,1,25,58.6
Chloroquine,Kir2.1,2,25,73.4
Chloroquine,Kir2.1,3,25,65.3
Chlorpromazine,hERG,1,0.035,3.3
Chlorpromazine,hERG,2,0.035,3.1
Chlorpromazine,hERG,3,0.035,0
Chlorpromazine,hERG,1,0.35,23
Chlorpromazine,hERG,2,0.35,25.6
Chlorpromazine,hERG,3,0.35,23.9
Chlorpromazine,hERG,1,1.75,71.6
Chlorpromazine,hERG,2,1.75,59.2
Chlorpromazine,hERG,3,1.75,62.3
Chlorpromazine,hERG,1,10.5,82.1
Chlorpromazine,hERG,2,10.5,70.3
Chlorpromazine,hERG,3,10.5,94.8
Chlorpromazine,Nav1.5-peak,1,0.035,1.1
Chlorpromazine,Nav1.5-peak,2,0.035,0.05
Chlorpromazine,Nav1.5-peak,3,0.035,0
Chlorpromazine,Nav1.5-peak,1,0.35,0
Chlorpromazine,Nav1.5-peak,2,0.35,0
Chlorpromazine,Nav1.5-peak,3,0.35,0
Chlorpromazine,Nav1.5-peak,1,1.75,10
Chlorpromazine,Nav1.5-peak,2,1.75,17.2
Chlorpromazine,Nav1.5-peak,3,1.75,12
Chlorpromazine,Nav1.5-peak,1,10.5,71.7
Chlorpromazine,Nav1.5-peak,2,10.5,82.5
Chlorpromazine,Nav1.5-peak,3,10.5,98.4
Chlorpromazine,Nav1.5-late,1,0.035,0
Chlorpromazine,Nav1.5-late,2,0.035,1
Chlorpromazine,Nav1.5-late,3,0.035,0
Chlorpromazine,Nav1.5-late,1,0.35,8.5
Chlorpromazine,Nav1.5-late,2,0.35,9.8
Chlorpromazine,Nav1.5-late,3,0.35,13
Chlorpromazine,Nav1.5-late,1,1.75,29.1
Chlorpromazine,Nav1.5-late,2,1.75,25.1
Chlorpromazine,Nav1.5-late,3,1.75,28.4
Chlorpromazine,Nav1.5-late,1,10.5,80.8
Chlorpromazine,Nav1.5-late,2,10.5,63.8
Chlorpromazine,Nav1.5-late,3,10.5,63.1
Chlorpromazine,Cav1.2,1,0.035,5.2
Chlorpromazine,Cav1.2,2,0.035,3.1
Chlorpromazine,Cav1.2,3,0.035,1.8
Chlorpromazine,Cav1.2,1,0.35,5.7
Chlorpromazine,Cav1.2,2,0.35,5.2
Chlorpromazine,Cav1.2,3,0.35,8.8
Chlorpromazine,Cav1.2,1,1.75,26
Chlorpromazine,Cav1.2,2,1.75,16.5
Chlorpromazine,Cav1.2,3,1.75,20.2
Chlorpromazine,Cav1.2,1,10.5,46.9
Chlorpromazine,Cav1.2,2,10.5,71.3
Chlorpromazine,Cav1.2,3,10.5,48.1
Chlorpromazine,KvLQT1/mink,1,0.035,3.8
Chlorpromazine,KvLQT1/mink,2,0.035,1.7
Chlorpromazine,KvLQT1/mink,3,0.035,0.02
Chlorpromazine,KvLQT1/mink,1,0.35,0.9
Chlorpromazine,KvLQT1/mink,2,0.35,5.7
Chlorpromazine,KvLQT1/mink,3,0.35,5.3
Chlorpromazine,KvLQT1/mink,1,1.75,0.8
Chlorpromazine,KvLQT1/mink,2,1.75,6.4
Chlorpromazine,KvLQT1/mink,3,1.75,6.9
Chlorpromazine,KvLQT1/mink,1,10.5,3.9
Chlorpromazine,KvLQT1/mink,2,10.5,11.5
Chlorpromazine,KvLQT1/mink,3,10.5,0.2
Chlorpromazine,Kv4.3,1,0.035,0
Chlorpromazine,Kv4.3,2,0.035,0
Chlorpromazine,Kv4.3,3,0.035,1.8
Chlorpromazine,Kv4.3,1,0.35,0
Chlorpromazine,Kv4.3,2,0.35,0.9
Chlorpromazine,Kv4.3,3,0.35,3.1
Chlorpromazine,Kv4.3,1,1.75,0
Chlorpromazine,Kv4.3,2,1.75,1.4
Chlorpromazine,Kv4.3,3,1.75,10.9
Chlorpromazine,Kv4.3,1,10.5,10.4
Chlorpromazine,Kv4.3,2,10.5,5.7
Chlorpromazine,Kv4.3,3,10.5,1.9
Chlorpromazine,Kir2.1,1,0.035,0
Chlorpromazine,Kir2.1,2,0.035,0
Chlorpromazine,Kir2.1,3,0.035,0
Chlorpromazine,Kir2.1,1,0.35,6.7
Chlorpromazine,Kir2.1,2,0.35,4.8
Chlorpromazine,Kir2.1,3,0.35,10.3
Chlorpromazine,Kir2.1,1,1.75,26.8
Chlorpromazine,Kir2.1,2,1.75,21
Chlorpromazine,Kir2.1,3,1.75,32.8
Chlorpromazine,Kir2.1,1,10.5,41.2
Chlorpromazine,Kir2.1,2,10.5,48.6
Chlorpromazine,Kir2.1,3,10.5,63.4
Cibenzoline,hERG,1,0.6,14.4
Cibenzoline,hERG,2,0.6,18.4
Cibenzoline,hERG,3,0.6,22.8
Cibenzoline,hERG,4,0.6,23.6
Cibenzoline,hERG,1,1.8,53.1
Cibenzoline,hERG,2,1.8,49.1
Cibenzoline,hERG,3,1.8,57.2
Cibenzoline,hERG,1,6,80.9
Cibenzoline,hERG,2,6,71.3
Cibenzoline,hERG,3,6,61.6
Cibenzoline,hERG,1,60,90.1
Cibenzoline,hERG,2,60,95.6
Cibenzoline,hERG,3,60,78.9
Cibenzoline,Nav1.5-peak,1,0.6,0.1
Cibenzoline,Nav1.5-peak,2,0.6,0
Cibenzoline,Nav1.5-peak,3,0.6,0
Cibenzoline,Nav1.5-peak,1,1.8,2.3
Cibenzoline,Nav1.5-peak,2,1.8,5.5
Cibenzoline,Nav1.5-peak,3,1.8,2.3
Cibenzoline,Nav1.5-peak,1,6,12.8
Cibenzoline,Nav1.5-peak,2,6,18.3
Cibenzoline,Nav1.5-peak,3,6,21.2
Cibenzoline,Nav1.5-peak,1,60,70.3
Cibenzoline,Nav1.5-peak,2,60,84.9
Cibenzoline,Nav1.5-peak,3,60,77.9
Cibenzoline,Nav1.5-late,1,0.6,0
Cibenzoline,Nav1.5-late,2,0.6,3
Cibenzoline,Nav1.5-late,3,0.6,1.5
Cibenzoline,Nav1.5-late,1,1.8,0
Cibenzoline,Nav1.5-late,2,1.8,4.5
Cibenzoline,Nav1.5-late,3,1.8,0
Cibenzoline,Nav1.5-late,1,6,32.3
Cibenzoline,Nav1.5-late,2,6,18.2
Cibenzoline,Nav1.5-late,3,6,12.8
Cibenzoline,Nav1.5-late,1,60,59.5
Cibenzoline,Nav1.5-late,2,60,36.2
Cibenzoline,Nav1.5-late,3,60,57.3
Cibenzoline,Cav1.2,1,0.6,0
Cibenzoline,Cav1.2,2,0.6,0.9
Cibenzoline,Cav1.2,3,0.6,1.2
Cibenzoline,Cav1.2,1,1.8,2.8
Cibenzoline,Cav1.2,2,1.8,2.9
Cibenzoline,Cav1.2,3,1.8,4.3
Cibenzoline,Cav1.2,1,6,14.8
Cibenzoline,Cav1.2,2,6,10.6
Cibenzoline,Cav1.2,3,6,6.7
Cibenzoline,Cav1.2,1,60,28.6
Cibenzoline,Cav1.2,2,60,31.8
Cibenzoline,Cav1.2,3,60,23.8
Cibenzoline,KvLQT1/mink,1,0.6,0
Cibenzoline,KvLQT1/mink,2,0.6,0.2
Cibenzoline,KvLQT1/mink,3,0.6,2.3
Cibenzoline,KvLQT1/mink,1,1.8,5.6
Cibenzoline,KvLQT1/mink,2,1.8,0.9
Cibenzoline,KvLQT1/mink,3,1.8,4
Cibenzoline,KvLQT1/mink,1,6,10.3
Cibenzoline,KvLQT1/mink,2,6,0
Cibenzoline,KvLQT1/mink,3,6,5
Cibenzoline,KvLQT1/mink,1,60,11.5
Cibenzoline,KvLQT1/mink,2,60,0
Cibenzoline,KvLQT1/mink,3,60,0
Cibenzoline,Kv4.3,1,0.6,0
Cibenzoline,Kv4.3,2,0.6,0
Cibenzoline,Kv4.3,3,0.6,1.3
Cibenzoline,Kv4.3,1,1.8,0
Cibenzoline,Kv4.3,2,1.8,0
Cibenzoline,Kv4.3,3,1.8,2.6
Cibenzoline,Kv4.3,1,6,0
Cibenzoline,Kv4.3,2,6,0
Cibenzoline,Kv4.3,3,6,4.1
Cibenzoline,Kv4.3,1,60,0
Cibenzoline,Kv4.3,2,60,0
Cibenzoline,Kv4.3,3,60,5.9
Cibenzoline,Kv4.3,4,60,0
Cibenzoline,Kv4.3,5,60,0
Cibenzoline,Kv4.3,6,60,0.6
Cibenzoline,Kir2.1,1,0.6,0
Cibenzoline,Kir2.1,2,0.6,0
Cibenzoline,Kir2.1,3,0.6,0
Cibenzoline,Kir2.1,1,1.8,10.4
Cibenzoline,Kir2.1,2,1.8,0
Cibenzoline,Kir2.1,3,1.8,0
Cibenzoline,Kir2.1,1,6,5.3
Cibenzoline,Kir2.1,2,6,0
Cibenzoline,Kir2.1,3,6,0
Cibenzoline,Kir2.1,1,60,0.3
Cibenzoline,Kir2.1,2,60,0
Cibenzoline,Kir2.1,3,60,0
Cisapride,hERG,1,0.0025,6.3
Cisapride,hERG,2,0.0025,9.2
Cisapride,hERG,3,0.0025,11
Cisapride,hERG,1,0.0075,29.6
Cisapride,hERG,2,0.0075,38.4
Cisapride,hERG,3,0.0075,42.8
Cisapride,hERG,1,0.025,65.9
Cisapride,hERG,2,0.025,73.2
Cisapride,hERG,3,0.025,78.4
Cisapride,hERG,1,0.125,95.1
Cisapride,hERG,2,0.125,90.3
Cisapride,hERG,3,0.125,100
Cisapride,Nav1.5-peak,1,0.0025,0
Cisapride,Nav1.5-peak,2,0.0025,0.4
Cisapride,Nav1.5-peak,3,0.0025,1.1
Cisapride,Nav1.5-peak,1,0.0075,0
Cisapride,Nav1.5-peak,2,0.0075,2.9
Cisapride,Nav1.5-peak,3,0.0075,1.7
Cisapride,Nav1.5-peak,1,0.025,3.8
Cisapride,Nav1.5-peak,2,0.025,6.1
Cisapride,Nav1.5-peak,3,0.025,0
Cisapride,Nav1.5-peak,4,0.025,0
Cisapride,Nav1.5-peak,1,0.125,6.1
Cisapride,Nav1.5-peak,2,0.125,0.7
Cisapride,Nav1.5-peak,3,0.125,2.9
Cisapride,Nav1.5-peak,4,0.125,0
Cisapride,Nav1.5-late,1,0.0025,4.1
Cisapride,Nav1.5-late,2,0.0025,1.4
Cisapride,Nav1.5-late,3,0.0025,1.2
Cisapride,Nav1.5-late,1,0.0075,0
Cisapride,Nav1.5-late,2,0.0075,0
Cisapride,Nav1.5-late,3,0.0075,0
Cisapride,Nav1.5-late,1,0.025,5.6
Cisapride,Nav1.5-late,2,0.025,0
Cisapride,Nav1.5-late,3,0.025,3.9
Cisapride,Nav1.5-late,1,0.125,8.6
Cisapride,Nav1.5-late,2,0.125,2.7
Cisapride,Nav1.5-late,3,0.125,6.2
Cisapride,Cav1.2,1,0.0025,0
Cisapride,Cav1.2,2,0.0025,0
Cisapride,Cav1.2,3,0.0025,0
Cisapride,Cav1.2,1,0.0075,0
Cisapride,Cav1.2,2,0.0075,0
Cisapride,Cav1.2,3,0.0075,0
Cisapride,Cav1.2,1,0.025,0
Cisapride,Cav1.2,2,0.025,0
Cisapride,Cav1.2,3,0.025,2.5
Cisapride,Cav1.2,1,0.125,0
Cisapride,Cav1.2,2,0.125,0
Cisapride,Cav1.2,3,0.125,2.2
Cisapride,KvLQT1/mink,1,0.0025,0
Cisapride,KvLQT1/mink,2,0.0025,0.01
Cisapride,KvLQT1/mink,3,0.0025,1.2
Cisapride,KvLQT1/mink,1,0.0075,0
Cisapride,KvLQT1/mink,2,0.0075,0.01
Cisapride,KvLQT1/mink,3,0.0075,1.8
Cisapride,KvLQT1/mink,1,0.025,0
Cisapride,KvLQT1/mink,2,0.025,2.2
Cisapride,KvLQT1/mink,3,0.025,3.4
Cisapride,KvLQT1/mink,1,0.125,0
Cisapride,KvLQT1/mink,2,0.125,0.4
Cisapride,KvLQT1/mink,3,0.125,4.9
Cisapride,Kv4.3,1,0.0025,5.4
Cisapride,Kv4.3,2,0.0025,0.3
Cisapride,Kv4.3,3,0.0025,10.3
Cisapride,Kv4.3,1,0.0075,10.5
Cisapride,Kv4.3,2,0.0075,8.9
Cisapride,Kv4.3,3,0.0075,0.3
Cisapride,Kv4.3,1,0.025,9.5
Cisapride,Kv4.3,2,0.025,6.1
Cisapride,Kv4.3,3,0.025,21.1
Cisapride,Kv4.3,1,0.125,17.7
Cisapride,Kv4.3,2,0.125,14.1
Cisapride,Kv4.3,3,0.125,7.7
Cisapride,Kir2.1,1,0.0025,0
Cisapride,Kir2.1,2,0.0025,0
Cisapride,Kir2.1,3,0.0025,0
Cisapride,Kir2.1,1,0.0075,0
Cisapride,Kir2.1,2,0.0075,0
Cisapride,Kir2.1,3,0.0075,0
Cisapride,Kir2.1,1,0.025,0
Cisapride,Kir2.1,2,0.025,0
Cisapride,Kir2.1,3,0.025,13.7
Cisapride,Kir2.1,1,0.125,14.6
Cisapride,Kir2.1,2,0.125,0
Cisapride,Kir2.1,3,0.125,1.2
Diltiazem,hERG,1,0.02,0
Diltiazem,hERG,2,0.02,1.4
Diltiazem,hERG,3,0.02,7.1
Diltiazem,hERG,1,0.15,0
Diltiazem,hERG,2,0.15,1.2
Diltiazem,hERG,3,0.15,6.8
Diltiazem,hERG,1,0.5,5.1
Diltiazem,hERG,2,0.5,19.8
Diltiazem,hERG,3,0.5,13.1
Diltiazem,hERG,1,12.5,64.2
Diltiazem,hERG,2,12.5,59.8
Diltiazem,hERG,3,12.5,62.9
Diltiazem,Nav1.5-peak,1,0.02,0
Diltiazem,Nav1.5-peak,2,0.02,0
Diltiazem,Nav1.5-peak,3,0.02,0
Diltiazem,Nav1.5-peak,1,0.15,0
Diltiazem,Nav1.5-peak,2,0.15,0
Diltiazem,Nav1.5-peak,3,0.15,0
Diltiazem,Nav1.5-peak,1,0.5,4.2
Diltiazem,Nav1.5-peak,2,0.5,0
Diltiazem,Nav1.5-peak,3,0.5,4.3
Diltiazem,Nav1.5-peak,1,12.5,12.8
Diltiazem,Nav1.5-peak,2,12.5,27.3
Diltiazem,Nav1.5-peak,3,12.5,13.1
Diltiazem,Nav1.5-late,1,0.02,0.9
Diltiazem,Nav1.5-late,2,0.02,7.9
Diltiazem,Nav1.5-late,3,0.02,4.5
Diltiazem,Nav1.5-late,1,0.15,0
Diltiazem,Nav1.5-late,2,0.15,0
Diltiazem,Nav1.5-late,3,0.15,6.1
Diltiazem,Nav1.5-late,1,0.5,0
Diltiazem,Nav1.5-late,2,0.5,13.2
Diltiazem,Nav1.5-late,3,0.5,7.5
Diltiazem,Nav1.5-late,1,12.5,43.2
Diltiazem,Nav1.5-late,2,12.5,46.9
Diltiazem,Nav1.5-late,3,12.5,27.1
Diltiazem,Cav1.2,1,0.02,30.9
Diltiazem,Cav1.2,2,0.02,22.4
Diltiazem,Cav1.2,3,0.02,22.5
Diltiazem,Cav1.2,1,0.15,64.3
Diltiazem,Cav1.2,2,0.15,42.9
Diltiazem,Cav1.2,3,0.15,43.5
Diltiazem,Cav1.2,1,0.5,89.4
Diltiazem,Cav1.2,2,0.5,75.3
Diltiazem,Cav1.2,3,0.5,70.3
Diltiazem,Cav1.2,1,12.5,97.8
Diltiazem,Cav1.2,2,12.5,93.1
Diltiazem,Cav1.2,3,12.5,100
Diltiazem,KvLQT1/mink,1,0.02,0
Diltiazem,KvLQT1/mink,2,0.02,0.3
Diltiazem,KvLQT1/mink,3,0.02,0
Diltiazem,KvLQT1/mink,1,0.15,0
Diltiazem,KvLQT1/mink,2,0.15,0
Diltiazem,KvLQT1/mink,3,0.15,0
Diltiazem,KvLQT1/mink,1,0.5,0
Diltiazem,KvLQT1/mink,2,0.5,0
Diltiazem,KvLQT1/mink,3,0.5,0
Diltiazem,KvLQT1/mink,1,12.5,0
Diltiazem,KvLQT1/mink,2,12.5,0
Diltiazem,KvLQT1/mink,3,12.5,0
Diltiazem,Kv4.3,1,0.02,0.3
Diltiazem,Kv4.3,2,0.02,0
Diltiazem,Kv4.3,3,0.02,9.6
Diltiazem,Kv4.3,1,0.15,5.5
Diltiazem,Kv4.3,2,0.15,5.8
Diltiazem,Kv4.3,3,0.15,9.8
Diltiazem,Kv4.3,1,0.5,5.9
Diltiazem,Kv4.3,2,0.5,2
Diltiazem,Kv4.3,3,0.5,9.4
Diltiazem,Kv4.3,1,12.5,9.3
Diltiazem,Kv4.3,2,12.5,8
Diltiazem,Kv4.3,3,12.5,15.8
Diltiazem,Kir2.1,1,0.02,0
Diltiazem,Kir2.1,2,0.02,7.9
Diltiazem,Kir2.1,3,0.02,1.3
Diltiazem,Kir2.1,1,0.15,0
Diltiazem,Kir2.1,2,0.15,6.8
Diltiazem,Kir2.1,3,0.15,6.3
Diltiazem,Kir2.1,1,0.5,5.6
Diltiazem,Kir2.1,2,0.5,0
Diltiazem,Kir2.1,3,0.5,9.1
Diltiazem,Kir2.1,1,12.5,4.8
Diltiazem,Kir2.1,2,12.5,0
Diltiazem,Kir2.1,3,12.5,9
Dofetilide,hERG,1,0.0001,11
Dofetilide,hERG,2,0.0001,11.2
Dofetilide,hERG,1,0.001,47.9
Dofetilide,hERG,2,0.001,41.8
Dofetilide,hERG,3,0.001,39.6
Dofetilide,hERG,4,0.001,44.5
Dofetilide,hERG,5,0.001,47.7
Dofetilide,hERG,1,0.002,70.4
Dofetilide,hERG,2,0.002,63.3
Dofetilide,hERG,3,0.002,58.4
Dofetilide,hERG,4,0.002,50.9
Dofetilide,hERG,5,0.002,51.3
Dofetilide,hERG,1,0.003,66.6
Dofetilide,hERG,2,0.003,55.9
Dofetilide,hERG,3,0.003,53.1
Dofetilide,hERG,1,0.006,67.3
Dofetilide,hERG,2,0.006,68.7
Dofetilide,hERG,3,0.006,66.5
Dofetilide,Nav1.5-peak,1,0.001,0
Dofetilide,Nav1.5-peak,2,0.001,1.4
Dofetilide,Nav1.5-peak,3,0.001,0.1
Dofetilide,Nav1.5-peak,4,0.001,0.5
Dofetilide,Nav1.5-peak,1,0.002,0.8
Dofetilide,Nav1.5-peak,2,0.002,0
Dofetilide,Nav1.5-peak,3,0.002,2.7
Dofetilide,Nav1.5-peak,1,0.003,0.6
Dofetilide,Nav1.5-peak,2,0.003,0
Dofetilide,Nav1.5-peak,3,0.003,2.5
Dofetilide,Nav1.5-peak,1,0.006,0.8
Dofetilide,Nav1.5-peak,2,0.006,1.5
Dofetilide,Nav1.5-peak,3,0.006,5.1
Dofetilide,Nav1.5-late,1,0.001,0
Dofetilide,Nav1.5-late,2,0.001,0
Dofetilide,Nav1.5-late,3,0.001,0
Dofetilide,Nav1.5-late,1,0.002,0
Dofetilide,Nav1.5-late,2,0.002,0
Dofetilide,Nav1.5-late,3,0.002,0
Dofetilide,Nav1.5-late,1,0.003,1.4
Dofetilide,Nav1.5-late,2,0.003,0
Dofetilide,Nav1.5-late,3,0.003,0
Dofetilide,Nav1.5-late,1,0.006,0
Dofetilide,Nav1.5-late,2,0.006,0
Dofetilide,Nav1.5-late,3,0.006,1.4
Dofetilide,Cav1.2,1,0.001,0
Dofetilide,Cav1.2,2,0.001,0.4
Dofetilide,Cav1.2,3,0.001,0
Dofetilide,Cav1.2,4,0.001,0
Dofetilide,Cav1.2,1,0.002,0
Dofetilide,Cav1.2,2,0.002,1.1
Dofetilide,Cav1.2,3,0.002,0
Dofetilide,Cav1.2,4,0.002,0
Dofetilide,Cav1.2,1,0.003,2.1
Dofetilide,Cav1.2,2,0.003,0
Dofetilide,Cav1.2,3,0.003,0
Dofetilide,Cav1.2,1,0.006,3.6
Dofetilide,Cav1.2,2,0.006,0
Dofetilide,Cav1.2,3,0.006,0
Dofetilide,KvLQT1/mink,1,0.001,0
Dofetilide,KvLQT1/mink,2,0.001,0
Dofetilide,KvLQT1/mink,3,0.001,0
Dofetilide,KvLQT1/mink,1,0.002,1.3
Dofetilide,KvLQT1/mink,2,0.002,0
Dofetilide,KvLQT1/mink,3,0.002,0
Dofetilide,KvLQT1/mink,1,0.003,3.9
Dofetilide,KvLQT1/mink,2,0.003,0
Dofetilide,KvLQT1/mink,3,0.003,0
Dofetilide,KvLQT1/mink,1,0.006,0.7
Dofetilide,KvLQT1/mink,2,0.006,0
Dofetilide,KvLQT1/mink,3,0.006,0
Dofetilide,Kv4.3,1,0.001,4.3
Dofetilide,Kv4.3,2,0.001,5.9
Dofetilide,Kv4.3,3,0.001,3.9
Dofetilide,Kv4.3,1,0.002,20.9
Dofetilide,Kv4.3,2,0.002,16.9
Dofetilide,Kv4.3,3,0.002,14.2
Dofetilide,Kv4.3,1,0.003,26.9
Dofetilide,Kv4.3,2,0.003,28.4
Dofetilide,Kv4.3,3,0.003,14.3
Dofetilide,Kv4.3,1,0.006,34.9
Dofetilide,Kv4.3,2,0.006,24.1
Dofetilide,Kv4.3,3,0.006,22.1
Dofetilide,Kir2.1,1,0.001,0
Dofetilide,Kir2.1,2,0.001,0.6
Dofetilide,Kir2.1,3,0.001,0
Dofetilide,Kir2.1,1,0.002,0
Dofetilide,Kir2.1,2,0.002,0
Dofetilide,Kir2.1,3,0.002,3
Dofetilide,Kir2.1,1,0.003,0
Dofetilide,Kir2.1,2,0.003,0
Dofetilide,Kir2.1,3,0.003,12.4
Dofetilide,Kir2.1,1,0.006,0
Dofetilide,Kir2.1,2,0.006,0
Dofetilide,Kir2.1,3,0.006,10.1
Flecainide,hERG,1,0.2,30
Flecainide,hERG,2,0.2,24.1
Flecainide,hERG,3,0.2,25.6
Flecainide,hERG,4,0.2,24.1
Flecainide,hERG,1,1,54.7
Flecainide,hERG,2,1,68.2
Flecainide,hERG,3,1,52.6
Flecainide,hERG,1,4,81
Flecainide,hERG,2,4,78.8
Flecainide,hERG,3,4,79
Flecainide,hERG,1,20,92.8
Flecainide,hERG,2,20,100
Flecainide,hERG,3,20,95.5
Flecainide,Nav1.5-peak,1,0.2,0
Flecainide,Nav1.5-peak,2,0.2,0.6
Flecainide,Nav1.5-peak,3,0.2,0
Flecainide,Nav1.5-peak,1,1,0
Flecainide,Nav1.5-peak,2,1,4.3
Flecainide,Nav1.5-peak,3,1,0.5
Flecainide,Nav1.5-peak,1,4,21.4
Flecainide,Nav1.5-peak,2,4,33.3
Flecainide,Nav1.5-peak,3,4,28.5
Flecainide,Nav1.5-peak,1,20,77.6
Flecainide,Nav1.5-peak,2,20,88.5
Flecainide,Nav1.5-peak,3,20,99.8
Flecainide,Nav1.5-late,1,0.2,1.8
Flecainide,Nav1.5-late,2,0.2,6.8
Flecainide,Nav1.5-late,3,0.2,1.7
Flecainide,Nav1.5-late,1,1,16.7
Flecainide,Nav1.5-late,2,1,20.4
Flecainide,Nav1.5-late,3,1,14.1
Flecainide,Nav1.5-late,1,4,24.5
Flecainide,Nav1.5-late,2,4,28.7
Flecainide,Nav1.5-late,3,4,17.6
Flecainide,Nav1.5-late,1,20,52.3
Flecainide,Nav1.5-late,2,20,51.8
Flecainide,Nav1.5-late,3,20,49.1
Flecainide,Nav1.5-late,4,20,53.6
Flecainide,Cav1.2,1,0.2,3.9
Flecainide,Cav1.2,2,0.2,1.5
Flecainide,Cav1.2,3,0.2,0
Flecainide,Cav1.2,1,1,0.1
Flecainide,Cav1.2,2,1,2.5
Flecainide,Cav1.2,3,1,0.6
Flecainide,Cav1.2,1,4,4.7
Flecainide,Cav1.2,2,4,9.6
Flecainide,Cav1.2,3,4,6.9
Flecainide,Cav1.2,1,20,30.3
Flecainide,Cav1.2,2,20,56.5
Flecainide,Cav1.2,3,20,37.9
Flecainide,KvLQT1/mink,1,0.2,0
Flecainide,KvLQT1/mink,2,0.2,0
Flecainide,KvLQT1/mink,3,0.2,0
Flecainide,KvLQT1/mink,1,1,0
Flecainide,KvLQT1/mink,2,1,1.1
Flecainide,KvLQT1/mink,3,1,0
Flecainide,KvLQT1/mink,1,4,0
Flecainide,KvLQT1/mink,2,4,0
Flecainide,KvLQT1/mink,3,4,0
Flecainide,KvLQT1/mink,1,20,14.7
Flecainide,KvLQT1/mink,2,20,23.3
Flecainide,KvLQT1/mink,3,20,20.5
Flecainide,KvLQT1/mink,4,20,13
Flecainide,Kv4.3,1,0.2,11.3
Flecainide,Kv4.3,2,0.2,8.6
Flecainide,Kv4.3,3,0.2,11.9
Flecainide,Kv4.3,1,1,12.8
Flecainide,Kv4.3,2,1,18.1
Flecainide,Kv4.3,3,1,13.4
Flecainide,Kv4.3,1,4,34.8
Flecainide,Kv4.3,2,4,36.1
Flecainide,Kv4.3,3,4,30.6
Flecainide,Kv4.3,1,20,68.1
Flecainide,Kv4.3,2,20,58.6
Flecainide,Kv4.3,3,20,67.9
Flecainide,Kir2.1,1,0.2,1.6
Flecainide,Kir2.1,2,0.2,0
Flecainide,Kir2.1,3,0.2,0
Flecainide,Kir2.1,1,1,0
Flecainide,Kir2.1,2,1,0.6
Flecainide,Kir2.1,3,1,0
Flecainide,Kir2.1,1,4,0
Flecainide,Kir2.1,2,4,0
Flecainide,Kir2.1,3,4,0
Flecainide,Kir2.1,1,20,0
Flecainide,Kir2.1,2,20,0
Flecainide,Kir2.1,3,20,1
Lidocaine,hERG,1,0.625,0
Lidocaine,hERG,2,0.625,0
Lidocaine,hERG,3,0.625,1.5
Lidocaine,hERG,1,2.5,0
Lidocaine,hERG,2,2.5,1
Lidocaine,hERG,3,2.5,2.7
Lidocaine,hERG,1,5,0
Lidocaine,hERG,2,5,0.4
Lidocaine,hERG,3,5,1.9
Lidocaine,hERG,1,10,1.8
Lidocaine,hERG,2,10,3.9
Lidocaine,hERG,3,10,5.4
Lidocaine,Nav1.5-peak,1,0.625,0
Lidocaine,Nav1.5-peak,2,0.625,0.7
Lidocaine,Nav1.5-peak,3,0.625,0
Lidocaine,Nav1.5-peak,1,2.5,0
Lidocaine,Nav1.5-peak,2,2.5,7.3
Lidocaine,Nav1.5-peak,3,2.5,0
Lidocaine,Nav1.5-peak,1,5,4.6
Lidocaine,Nav1.5-peak,2,5,3.3
Lidocaine,Nav1.5-peak,3,5,4.9
Lidocaine,Nav1.5-peak,1,10,32.8
Lidocaine,Nav1.5-peak,2,10,10.7
Lidocaine,Nav1.5-peak,3,10,10.9
Lidocaine,Nav1.5-late,1,0.625,1.7
Lidocaine,Nav1.5-late,2,0.625,4.5
Lidocaine,Nav1.5-late,3,0.625,5.7
Lidocaine,Nav1.5-late,1,2.5,13.3
Lidocaine,Nav1.5-late,2,2.5,15
Lidocaine,Nav1.5-late,3,2.5,9.2
Lidocaine,Nav1.5-late,1,5,29.1
Lidocaine,Nav1.5-late,2,5,32.6
Lidocaine,Nav1.5-late,3,5,20.8
Lidocaine,Nav1.5-late,1,10,40.9
Lidocaine,Nav1.5-late,2,10,49.1
Lidocaine,Nav1.5-late,3,10,52.8
Lidocaine,Cav1.2,1,0.625,1.2
Lidocaine,Cav1.2,2,0.625,0
Lidocaine,Cav1.2,3,0.625,0
Lidocaine,Cav1.2,4,0.625,1.3
Lidocaine,Cav1.2,5,0.625,0
Lidocaine,Cav1.2,1,2.5,0
Lidocaine,Cav1.2,2,2.5,0
Lidocaine,Cav1.2,3,2.5,3.3
Lidocaine,Cav1.2,4,2.5,0
Lidocaine,Cav1.2,1,5,0
Lidocaine,Cav1.2,2,5,0
Lidocaine,Cav1.2,3,5,0
Lidocaine,Cav1.2,1,10,0
Lidocaine,Cav1.2,2,10,0
Lidocaine,Cav1.2,3,10,0
Lidocaine,KvLQT1/mink,1,0.625,0
Lidocaine,KvLQT1/mink,2,0.625,0
Lidocaine,KvLQT1/mink,3,0.625,0
Lidocaine,KvLQT1/mink,1,2.5,0
Lidocaine,KvLQT1/mink,2,2.5,0
Lidocaine,KvLQT1/mink,3,2.5,0
Lidocaine,KvLQT1/mink,1,5,0
Lidocaine,KvLQT1/mink,2,5,0
Lidocaine,KvLQT1/mink,3,5,0
Lidocaine,KvLQT1/mink,1,10,0
Lidocaine,KvLQT1/mink,2,10,0
Lidocaine,KvLQT1/mink,3,10,0
Lidocaine,Kv4.3,1,2.5,7.4
Lidocaine,Kv4.3,2,2.5,5.9
Lidocaine,Kv4.3,3,2.5,5.6
Lidocaine,Kv4.3,1,5,6.6
Lidocaine,Kv4.3,2,5,1.1
Lidocaine,Kv4.3,3,5,8
Lidocaine,Kv4.3,1,10,5.1
Lidocaine,Kv4.3,2,10,2.2
Lidocaine,Kv4.3,3,10,4.4
Lidocaine,Kv4.3,1,15,4.1
Lidocaine,Kv4.3,2,15,3.4
Lidocaine,Kv4.3,3,15,10.6
Lidocaine,Kir2.1,1,0.625,0
Lidocaine,Kir2.1,2,0.625,0
Lidocaine,Kir2.1,3,0.625,3.6
Lidocaine,Kir2.1,1,2.5,0
Lidocaine,Kir2.1,2,2.5,0
Lidocaine,Kir2.1,3,2.5,6.9
Lidocaine,Kir2.1,1,5,0
Lidocaine,Kir2.1,2,5,0
Lidocaine,Kir2.1,3,5,19.5
Lidocaine,Kir2.1,1,10,0
Lidocaine,Kir2.1,2,10,0
Lidocaine,Kir2.1,3,10,10.3
Lopinavir,hERG,1,0.7,5.9
Lopinavir,hERG,2,0.7,8.8
Lopinavir,hERG,3,0.7,9.3
Lopinavir,hERG,1,2.1,14.5
Lopinavir,hERG,2,2.1,30.6
Lopinavir,hERG,3,2.1,24.1
Lopinavir,hERG,1,7,56.6
Lopinavir,hERG,2,7,61
Lopinavir,hERG,3,7,68.3
Lopinavir,hERG,4,7,59
Lopinavir,hERG,1,35,71.7
Lopinavir,hERG,2,35,99.4
Lopinavir,hERG,3,35,91.1
Lopinavir,Nav1.5-peak,1,0.7,1.4
Lopinavir,Nav1.5-peak,2,0.7,0.1
Lopinavir,Nav1.5-peak,3,0.7,0
Lopinavir,Nav1.5-peak,1,2.1,3.1
Lopinavir,Nav1.5-peak,2,2.1,0
Lopinavir,Nav1.5-peak,3,2.1,0
Lopinavir,Nav1.5-peak,1,7,4.4
Lopinavir,Nav1.5-peak,2,7,0
Lopinavir,Nav1.5-peak,3,7,0.5
Lopinavir,Nav1.5-peak,1,35,16.8
Lopinavir,Nav1.5-peak,2,35,19.9
Lopinavir,Nav1.5-peak,3,35,0
Lopinavir,Nav1.5-late,1,0.7,0
Lopinavir,Nav1.5-late,2,0.7,0
Lopinavir,Nav1.5-late,3,0.7,0.2
Lopinavir,Nav1.5-late,1,2.1,0
Lopinavir,Nav1.5-late,2,2.1,0
Lopinavir,Nav1.5-late,3,2.1,0
Lopinavir,Nav1.5-late,1,7,0
Lopinavir,Nav1.5-late,2,7,0
Lopinavir,Nav1.5-late,3,7,0
Lopinavir,Nav1.5-late,1,35,1.5
Lopinavir,Nav1.5-late,2,35,5.1
Lopinavir,Nav1.5-late,3,35,8.4
Lopinavir,Cav1.2,1,0.7,2.4
Lopinavir,Cav1.2,2,0.7,4.9
Lopinavir,Cav1.2,3,0.7,12
Lopinavir,Cav1.2,1,2.1,11.7
Lopinavir,Cav1.2,2,2.1,7.6
Lopinavir,Cav1.2,3,2.1,21.7
Lopinavir,Cav1.2,1,7,40.3
Lopinavir,Cav1.2,2,7,22.5
Lopinavir,Cav1.2,3,7,19.4
Lopinavir,Cav1.2,1,35,56.7
Lopinavir,Cav1.2,2,35,70.9
Lopinavir,Cav1.2,3,35,85.9
Lopinavir,KvLQT1/mink,1,0.7,0.2
Lopinavir,KvLQT1/mink,2,0.7,1.4
Lopinavir,KvLQT1/mink,3,0.7,1.8
Lopinavir,KvLQT1/mink,1,2.1,2
Lopinavir,KvLQT1/mink,2,2.1,3.5
Lopinavir,KvLQT1/mink,3,2.1,3.2
Lopinavir,KvLQT1/mink,1,7,4.7
Lopinavir,KvLQT1/mink,2,7,3.9
Lopinavir,KvLQT1/mink,3,7,6.3
Lopinavir,KvLQT1/mink,1,35,4.3
Lopinavir,KvLQT1/mink,2,35,4.4
Lopinavir,KvLQT1/mink,3,35,6.5
Lopinavir,KvLQT1/mink,4,35,9.9
Lopinavir,KvLQT1/mink,5,35,3.1
Lopinavir,Kv4.3,1,0.7,1.1
Lopinavir,Kv4.3,2,0.7,0
Lopinavir,Kv4.3,3,0.7,0
Lopinavir,Kv4.3,1,2.1,11.3
Lopinavir,Kv4.3,2,2.1,3.9
Lopinavir,Kv4.3,3,2.1,7.4
Lopinavir,Kv4.3,1,7,7.3
Lopinavir,Kv4.3,2,7,6.8
Lopinavir,Kv4.3,3,7,5.5
Lopinavir,Kv4.3,1,35,45.9
Lopinavir,Kv4.3,2,35,24.3
Lopinavir,Kv4.3,3,35,31.8
Lopinavir,Kir2.1,1,0.7,0
Lopinavir,Kir2.1,2,0.7,0
Lopinavir,Kir2.1,3,0.7,0
Lopinavir,Kir2.1,1,2.1,0
Lopinavir,Kir2.1,2,2.1,0
Lopinavir,Kir2.1,3,2.1,0
Lopinavir,Kir2.1,1,7,0
Lopinavir,Kir2.1,2,7,0
Lopinavir,Kir2.1,3,7,0
Lopinavir,Kir2.1,1,35,0
Lopinavir,Kir2.1,2,35,0
Lopinavir,Kir2.1,3,35,0
Mexiletine,hERG,1,0.625,0.6
Mexiletine,hERG,2,0.625,0.3
Mexiletine,hERG,3,0.625,0
Mexiletine,hERG,1,2.5,0.8
Mexiletine,hERG,2,2.5,0.2
Mexiletine,hERG,3,2.5,0.6
Mexiletine,hERG,1,5,2.2
Mexiletine,hERG,2,5,2.4
Mexiletine,hERG,3,5,0
Mexiletine,hERG,1,10,15.1
Mexiletine,hERG,2,10,4.1
Mexiletine,hERG,3,10,8
Mexiletine,Nav1.5-peak,1,0.625,0
Mexiletine,Nav1.5-peak,2,0.625,0
Mexiletine,Nav1.5-peak,3,0.625,3.4
Mexiletine,Nav1.5-peak,1,2.5,0
Mexiletine,Nav1.5-peak,2,2.5,0
Mexiletine,Nav1.5-peak,3,2.5,2.4
Mexiletine,Nav1.5-peak,1,5,0
Mexiletine,Nav1.5-peak,2,5,0
Mexiletine,Nav1.5-peak,3,5,0
Mexiletine,Nav1.5-peak,1,10,1
Mexiletine,Nav1.5-peak,2,10,4.4
Mexiletine,Nav1.5-peak,3,10,13
Mexiletine,Nav1.5-late,1,0.625,1.7
Mexiletine,Nav1.5-late,2,0.625,4.2
Mexiletine,Nav1.5-late,3,0.625,1.6
Mexiletine,Nav1.5-late,1,2.5,13.6
Mexiletine,Nav1.5-late,2,2.5,6.4
Mexiletine,Nav1.5-late,3,2.5,10.4
Mexiletine,Nav1.5-late,1,5,36.9
Mexiletine,Nav1.5-late,2,5,26.8
Mexiletine,Nav1.5-late,3,5,41.7
Mexiletine,Nav1.5-late,1,10,54.9
Mexiletine,Nav1.5-late,2,10,41.7
Mexiletine,Nav1.5-late,3,10,49.2
Mexiletine,Cav1.2,1,0.625,0.2
Mexiletine,Cav1.2,2,0.625,0
Mexiletine,Cav1.2,3,0.625,1.1
Mexiletine,Cav1.2,1,2.5,6.1
Mexiletine,Cav1.2,2,2.5,0
Mexiletine,Cav1.2,3,2.5,8.2
Mexiletine,Cav1.2,1,5,14
Mexiletine,Cav1.2,2,5,7.6
Mexiletine,Cav1.2,3,5,15.9
Mexiletine,Cav1.2,1,10,21.5
Mexiletine,Cav1.2,2,10,13.9
Mexiletine,Cav1.2,3,10,23.1
Mexiletine,KvLQT1/mink,1,0.625,0
Mexiletine,KvLQT1/mink,2,0.625,0
Mexiletine,KvLQT1/mink,3,0.625,0
Mexiletine,KvLQT1/mink,1,2.5,0
Mexiletine,KvLQT1/mink,2,2.5,0
Mexiletine,KvLQT1/mink,3,2.5,0
Mexiletine,KvLQT1/mink,1,5,0
Mexiletine,KvLQT1/mink,2,5,0.7
Mexiletine,KvLQT1/mink,3,5,0
Mexiletine,KvLQT1/mink,1,10,0
Mexiletine,KvLQT1/mink,2,10,0
Mexiletine,KvLQT1/mink,3,10,0
Mexiletine,Kv4.3,1,0.625,3.1
Mexiletine,Kv4.3,2,0.625,2.4
Mexiletine,Kv4.3,3,0.625,0
Mexiletine,Kv4.3,1,2.5,2.2
Mexiletine,Kv4.3,2,2.5,2.4
Mexiletine,Kv4.3,3,2.5,0.02
Mexiletine,Kv4.3,1,5,2.8
Mexiletine,Kv4.3,2,5,2.9
Mexiletine,Kv4.3,3,5,1
Mexiletine,Kv4.3,1,10,2.2
Mexiletine,Kv4.3,2,10,0.8
Mexiletine,Kv4.3,3,10,1
Mexiletine,Kv4.3,4,10,0
Mexiletine,Kir2.1,1,0.625,2.4
Mexiletine,Kir2.1,2,0.625,0
Mexiletine,Kir2.1,3,0.625,1.3
Mexiletine,Kir2.1,1,2.5,0.4
Mexiletine,Kir2.1,2,2.5,0
Mexiletine,Kir2.1,3,2.5,0.3
Mexiletine,Kir2.1,1,5,0.9
Mexiletine,Kir2.1,2,5,0
Mexiletine,Kir2.1,3,5,5.3
Mexiletine,Kir2.1,1,10,0
Mexiletine,Kir2.1,2,10,0
Mexiletine,Kir2.1,3,10,1.8
Mibefradil,hERG,1,0.012,5.6
Mibefradil,hERG,2,0.012,15.2
Mibefradil,hERG,3,0.012,16.5
Mibefradil,hERG,1,0.12,29.8
Mibefradil,hERG,2,0.12,30.9
Mibefradil,hERG,3,0.12,21.4
Mibefradil,hERG,1,1.2,79.1
Mibefradil,hERG,2,1.2,86.5
Mibefradil,hERG,3,1.2,70
Mibefradil,hERG,1,12,100
Mibefradil,hERG,2,12,97.2
Mibefradil,hERG,3,12,88.9
Mibefradil,Nav1.5-peak,1,0.012,0
Mibefradil,Nav1.5-peak,2,0.012,0.6
Mibefradil,Nav1.5-peak,3,0.012,0
Mibefradil,Nav1.5-peak,1,0.12,0
Mibefradil,Nav1.5-peak,2,0.12,3.2
Mibefradil,Nav1.5-peak,3,0.12,0
Mibefradil,Nav1.5-peak,1,1.2,12.6
Mibefradil,Nav1.5-peak,2,1.2,16.8
Mibefradil,Nav1.5-peak,3,1.2,26.6
Mibefradil,Nav1.5-peak,1,12,52.6
Mibefradil,Nav1.5-peak,2,12,73.6
Mibefradil,Nav1.5-peak,3,12,72.3
Mibefradil,Nav1.5-late,1,0.012,4.9
Mibefradil,Nav1.5-late,2,0.012,0
Mibefradil,Nav1.5-late,3,0.012,0.2
Mibefradil,Nav1.5-late,1,0.12,9.1
Mibefradil,Nav1.5-late,2,0.12,0
Mibefradil,Nav1.5-late,3,0.12,0.4
Mibefradil,Nav1.5-late,1,1.2,28.8
Mibefradil,Nav1.5-late,2,1.2,12.1
Mibefradil,Nav1.5-late,3,1.2,19
Mibefradil,Nav1.5-late,1,12,79.1
Mibefradil,Nav1.5-late,2,12,87.3
Mibefradil,Nav1.5-late,3,12,77.9
Mibefradil,Cav1.2,1,0.012,0.7
Mibefradil,Cav1.2,2,0.012,3.6
Mibefradil,Cav1.2,3,0.012,0
Mibefradil,Cav1.2,1,0.12,11.7
Mibefradil,Cav1.2,2,0.12,13.9
Mibefradil,Cav1.2,3,0.12,9.2
Mibefradil,Cav1.2,1,1.2,54.1
Mibefradil,Cav1.2,2,1.2,82.4
Mibefradil,Cav1.2,3,1.2,67.7
Mibefradil,Cav1.2,1,12,86.7
Mibefradil,Cav1.2,2,12,98.4
Mibefradil,Cav1.2,3,12,85.9
Mibefradil,KvLQT1/mink,1,0.012,0
Mibefradil,KvLQT1/mink,2,0.012,5.4
Mibefradil,KvLQT1/mink,3,0.012,0
Mibefradil,KvLQT1/mink,1,0.12,0
Mibefradil,KvLQT1/mink,2,0.12,4.1
Mibefradil,KvLQT1/mink,3,0.12,3
Mibefradil,KvLQT1/mink,1,1.2,0
Mibefradil,KvLQT1/mink,2,1.2,4.9
Mibefradil,KvLQT1/mink,3,1.2,0.8
Mibefradil,KvLQT1/mink,1,12,3.6
Mibefradil,KvLQT1/mink,2,12,8.9
Mibefradil,KvLQT1/mink,3,12,7.1
Mibefradil,KvLQT1/mink,4,12,3.6
Mibefradil,KvLQT1/mink,5,12,2.2
Mibefradil,Kv4.3,1,0.012,0
Mibefradil,Kv4.3,2,0.012,0
Mibefradil,Kv4.3,3,0.012,0
Mibefradil,Kv4.3,1,0.12,0
Mibefradil,Kv4.3,2,0.12,1.4
Mibefradil,Kv4.3,3,0.12,1.9
Mibefradil,Kv4.3,1,1.2,1.5
Mibefradil,Kv4.3,2,1.2,0
Mibefradil,Kv4.3,3,1.2,3
Mibefradil,Kv4.3,1,12,4
Mibefradil,Kv4.3,2,12,1.3
Mibefradil,Kv4.3,3,12,6.5
Mibefradil,Kv4.3,4,12,5.2
Mibefradil,Kv4.3,5,12,10.4
Mibefradil,Kir2.1,1,0.012,0
Mibefradil,Kir2.1,2,0.012,0
Mibefradil,Kir2.1,3,0.012,0
Mibefradil,Kir2.1,1,0.12,0
Mibefradil,Kir2.1,2,0.12,0
Mibefradil,Kir2.1,3,0.12,0
Mibefradil,Kir2.1,1,1.2,6.5
Mibefradil,Kir2.1,2,1.2,8.3
Mibefradil,Kir2.1,3,1.2,7.2
Mibefradil,Kir2.1,1,12,22.3
Mibefradil,Kir2.1,2,12,25.1
Mibefradil,Kir2.1,3,12,31.2
Moxifloxacin,hERG,1,7,19.6
Moxifloxacin,hERG,2,7,16.5
Moxifloxacin,hERG,3,7,15.3
Moxifloxacin,hERG,1,21,28.3
Moxifloxacin,hERG,2,21,24.6
Moxifloxacin,hERG,3,21,24.1
Moxifloxacin,hERG,1,70,39.4
Moxifloxacin,hERG,2,70,51.8
Moxifloxacin,hERG,3,70,48.9
Moxifloxacin,hERG,1,350,68.1
Moxifloxacin,hERG,2,350,60.6
Moxifloxacin,hERG,3,350,75.2
Moxifloxacin,hERG,4,350,75.6
Moxifloxacin,Nav1.5-peak,1,7,2.4
Moxifloxacin,Nav1.5-peak,2,7,0
Moxifloxacin,Nav1.5-peak,3,7,0
Moxifloxacin,Nav1.5-peak,1,21,3.5
Moxifloxacin,Nav1.5-peak,2,21,0
Moxifloxacin,Nav1.5-peak,3,21,0
Moxifloxacin,Nav1.5-peak,1,70,4.6
Moxifloxacin,Nav1.5-peak,2,70,0
Moxifloxacin,Nav1.5-peak,3,70,0
Moxifloxacin,Nav1.5-peak,1,350,28.2
Moxifloxacin,Nav1.5-peak,2,350,35.1
Moxifloxacin,Nav1.5-peak,3,350,19.1
Moxifloxacin,Nav1.5-late,1,7,1.9
Moxifloxacin,Nav1.5-late,2,7,2
Moxifloxacin,Nav1.5-late,3,7,1.7
Moxifloxacin,Nav1.5-late,1,21,8.1
Moxifloxacin,Nav1.5-late,2,21,0
Moxifloxacin,Nav1.5-late,3,21,2.8
Moxifloxacin,Nav1.5-late,1,70,15.9
Moxifloxacin,Nav1.5-late,2,70,9
Moxifloxacin,Nav1.5-late,3,70,13.9
Moxifloxacin,Nav1.5-late,1,350,54.3
Moxifloxacin,Nav1.5-late,2,350,49.3
Moxifloxacin,Nav1.5-late,3,350,39.1
Moxifloxacin,Cav1.2,1,7,0
Moxifloxacin,Cav1.2,2,7,0
Moxifloxacin,Cav1.2,3,7,0
Moxifloxacin,Cav1.2,1,21,0
Moxifloxacin,Cav1.2,2,21,0
Moxifloxacin,Cav1.2,3,21,0
Moxifloxacin,Cav1.2,1,70,0
Moxifloxacin,Cav1.2,2,70,0
Moxifloxacin,Cav1.2,3,70,0
Moxifloxacin,Cav1.2,1,350,2.9
Moxifloxacin,Cav1.2,2,350,0
Moxifloxacin,Cav1.2,3,350,14.2
Moxifloxacin,KvLQT1/mink,1,7,0
Moxifloxacin,KvLQT1/mink,2,7,7.9
Moxifloxacin,KvLQT1/mink,3,7,0.7
Moxifloxacin,KvLQT1/mink,4,7,3.9
Moxifloxacin,KvLQT1/mink,5,7,15.5
Moxifloxacin,KvLQT1/mink,1,21,35.8
Moxifloxacin,KvLQT1/mink,2,21,34.1
Moxifloxacin,KvLQT1/mink,3,21,22.7
Moxifloxacin,KvLQT1/mink,4,21,39.6
Moxifloxacin,KvLQT1/mink,5,21,34.8
Moxifloxacin,KvLQT1/mink,1,70,49.7
Moxifloxacin,KvLQT1/mink,2,70,78.3
Moxifloxacin,KvLQT1/mink,3,70,35
Moxifloxacin,KvLQT1/mink,4,70,83.4
Moxifloxacin,KvLQT1/mink,5,70,54.8
Moxifloxacin,KvLQT1/mink,1,350,73.1
Moxifloxacin,KvLQT1/mink,2,350,97.2
Moxifloxacin,KvLQT1/mink,3,350,65.1
Moxifloxacin,KvLQT1/mink,4,350,100
Moxifloxacin,KvLQT1/mink,5,350,76.4
Moxifloxacin,Kv4.3,1,7,0.2
Moxifloxacin,Kv4.3,2,7,0
Moxifloxacin,Kv4.3,3,7,0
Moxifloxacin,Kv4.3,1,21,0.04
Moxifloxacin,Kv4.3,2,21,1.9
Moxifloxacin,Kv4.3,3,21,4.6
Moxifloxacin,Kv4.3,1,70,0
Moxifloxacin,Kv4.3,2,70,0
Moxifloxacin,Kv4.3,3,70,0
Moxifloxacin,Kv4.3,1,350,2
Moxifloxacin,Kv4.3,2,350,4.3
Moxifloxacin,Kv4.3,3,350,16.7
Moxifloxacin,Kir2.1,1,7,11
Moxifloxacin,Kir2.1,2,7,0
Moxifloxacin,Kir2.1,3,7,0
Moxifloxacin,Kir2.1,1,21,12.1
Moxifloxacin,Kir2.1,2,21,0
Moxifloxacin,Kir2.1,3,21,0
Moxifloxacin,Kir2.1,1,70,0
Moxifloxacin,Kir2.1,2,70,0
Moxifloxacin,Kir2.1,3,70,0
Moxifloxacin,Kir2.1,4,70,0
Moxifloxacin,Kir2.1,1,350,9.9
Moxifloxacin,Kir2.1,2,350,0
Moxifloxacin,Kir2.1,3,350,0
Nilotinib,hERG,1,0.06,52.1
Nilotinib,hERG,2,0.06,37.6
Nilotinib,hERG,3,0.06,31.3
Nilotinib,hERG,1,0.3,83.4
Nilotinib,hERG,2,0.3,77.2
Nilotinib,hERG,3,0.3,65.5
Nilotinib,hERG,1,1.8,95.1
Nilotinib,hERG,2,1.8,88.9
Nilotinib,hERG,3,1.8,84
Nilotinib,hERG,1,6,100
Nilotinib,hERG,2,6,100
Nilotinib,hERG,3,6,95.8
Nilotinib,Nav1.5-peak,1,0.06,0
Nilotinib,Nav1.5-peak,2,0.06,0
Nilotinib,Nav1.5-peak,3,0.06,0
Nilotinib,Nav1.5-peak,1,0.3,2.4
Nilotinib,Nav1.5-peak,2,0.3,0
Nilotinib,Nav1.5-peak,3,0.3,0.7
Nilotinib,Nav1.5-peak,1,1.8,3.5
Nilotinib,Nav1.5-peak,2,1.8,0
Nilotinib,Nav1.5-peak,3,1.8,0
Nilotinib,Nav1.5-peak,1,6,13.3
Nilotinib,Nav1.5-peak,2,6,6
Nilotinib,Nav1.5-peak,3,6,2.2
Nilotinib,Nav1.5-late,1,0.06,0
Nilotinib,Nav1.5-late,2,0.06,0.9
Nilotinib,Nav1.5-late,3,0.06,3.4
Nilotinib,Nav1.5-late,1,0.3,1.2
Nilotinib,Nav1.5-late,2,0.3,6.7
Nilotinib,Nav1.5-late,3,0.3,3.3
Nilotinib,Nav1.5-late,1,1.8,9.8
Nilotinib,Nav1.5-late,2,1.8,16.2
Nilotinib,Nav1.5-late,3,1.8,14.8
Nilotinib,Nav1.5-late,1,6,61.1
Nilotinib,Nav1.5-late,2,6,48.7
Nilotinib,Nav1.5-late,3,6,74.4
Nilotinib,Cav1.2,1,0.06,0
Nilotinib,Cav1.2,2,0.06,0.8
Nilotinib,Cav1.2,3,0.06,1.4
Nilotinib,Cav1.2,1,0.3,1.7
Nilotinib,Cav1.2,2,0.3,1.8
Nilotinib,Cav1.2,3,0.3,2.6
Nilotinib,Cav1.2,1,1.8,2.2
Nilotinib,Cav1.2,2,1.8,1.4
Nilotinib,Cav1.2,3,1.8,2.4
Nilotinib,Cav1.2,1,6,16.7
Nilotinib,Cav1.2,2,6,8.8
Nilotinib,Cav1.2,3,6,5.9
Nilotinib,KvLQT1/mink,1,0.06,1.1
Nilotinib,KvLQT1/mink,2,0.06,2
Nilotinib,KvLQT1/mink,3,0.06,1.4
Nilotinib,KvLQT1/mink,1,0.3,5.4
Nilotinib,KvLQT1/mink,2,0.3,0.7
Nilotinib,KvLQT1/mink,3,0.3,0.8
Nilotinib,KvLQT1/mink,1,1.8,0
Nilotinib,KvLQT1/mink,2,1.8,1.2
Nilotinib,KvLQT1/mink,3,1.8,2.9
Nilotinib,KvLQT1/mink,1,6,15.5
Nilotinib,KvLQT1/mink,2,6,9
Nilotinib,KvLQT1/mink,3,6,3.3
Nilotinib,Kv4.3,1,0.06,0.7
Nilotinib,Kv4.3,2,0.06,0
Nilotinib,Kv4.3,3,0.06,0
Nilotinib,Kv4.3,1,0.3,0.3
Nilotinib,Kv4.3,2,0.3,0
Nilotinib,Kv4.3,3,0.3,0
Nilotinib,Kv4.3,1,1.8,1.4
Nilotinib,Kv4.3,2,1.8,2.8
Nilotinib,Kv4.3,3,1.8,0.4
Nilotinib,Kv4.3,1,6,7.6
Nilotinib,Kv4.3,2,6,12
Nilotinib,Kv4.3,3,6,7.2
Nilotinib,Kv4.3,4,6,1.5
Nilotinib,Kir2.1,1,0.06,0
Nilotinib,Kir2.1,2,0.06,0
Nilotinib,Kir2.1,3,0.06,0
Nilotinib,Kir2.1,1,0.3,0
Nilotinib,Kir2.1,2,0.3,0
Nilotinib,Kir2.1,3,0.3,0
Nilotinib,Kir2.1,1,1.8,0
Nilotinib,Kir2.1,2,1.8,0
Nilotinib,Kir2.1,3,1.8,0
Nilotinib,Kir2.1,1,6,0
Nilotinib,Kir2.1,2,6,1.3
Nilotinib,Kir2.1,3,6,0
Ondansetron,hERG,1,0.2,10.4
Ondansetron,hERG,2,0.2,8.5
Ondansetron,hERG,3,0.2,10
Ondansetron,hERG,1,1,65.5
Ondansetron,hERG,2,1,27.7
Ondansetron,hERG,3,1,37.3
Ondansetron,hERG,1,4,86.6
Ondansetron,hERG,2,4,60.6
Ondansetron,hERG,3,4,63.4
Ondansetron,hERG,1,20,90.3
Ondansetron,hERG,2,20,92.5
Ondansetron,hERG,3,20,93.7
Ondansetron,Nav1.5-peak,1,0.2,0
Ondansetron,Nav1.5-peak,2,0.2,1.9
Ondansetron,Nav1.5-peak,3,0.2,0
Ondansetron,Nav1.5-peak,1,1,5.5
Ondansetron,Nav1.5-peak,2,1,3
Ondansetron,Nav1.5-peak,3,1,1.2
Ondansetron,Nav1.5-peak,1,4,9.4
Ondansetron,Nav1.5-peak,2,4,2.9
Ondansetron,Nav1.5-peak,3,4,3.6
Ondansetron,Nav1.5-peak,1,20,37.5
Ondansetron,Nav1.5-peak,2,20,45.2
Ondansetron,Nav1.5-peak,3,20,9.3
Ondansetron,Nav1.5-peak,4,20,9.8
Ondansetron,Nav1.5-late,1,0.2,1.8
Ondansetron,Nav1.5-late,2,0.2,0.7
Ondansetron,Nav1.5-late,3,0.2,0.3
Ondansetron,Nav1.5-late,1,1,6
Ondansetron,Nav1.5-late,2,1,2.4
Ondansetron,Nav1.5-late,3,1,16.2
Ondansetron,Nav1.5-late,1,4,13.5
Ondansetron,Nav1.5-late,2,4,12.8
Ondansetron,Nav1.5-late,3,4,16.7
Ondansetron,Nav1.5-late,1,20,58.2
Ondansetron,Nav1.5-late,2,20,52.3
Ondansetron,Nav1.5-late,3,20,44.4
Ondansetron,Cav1.2,1,0.2,0.3
Ondansetron,Cav1.2,2,0.2,5.8
Ondansetron,Cav1.2,3,0.2,6.5
Ondansetron,Cav1.2,4,0.2,1.3
Ondansetron,Cav1.2,1,1,1
Ondansetron,Cav1.2,2,1,7.7
Ondansetron,Cav1.2,3,1,11.4
Ondansetron,Cav1.2,1,4,27.9
Ondansetron,Cav1.2,2,4,13.9
Ondansetron,Cav1.2,3,4,26.5
Ondansetron,Cav1.2,1,20,35.1
Ondansetron,Cav1.2,2,20,50.7
Ondansetron,Cav1.2,3,20,56.3
Ondansetron,KvLQT1/mink,1,0.2,0
Ondansetron,KvLQT1/mink,2,0.2,0
Ondansetron,KvLQT1/mink,3,0.2,0
Ondansetron,KvLQT1/mink,1,1,0
Ondansetron,KvLQT1/mink,2,1,0
Ondansetron,KvLQT1/mink,3,1,3
Ondansetron,KvLQT1/mink,1,4,4.8
Ondansetron,KvLQT1/mink,2,4,0.03
Ondansetron,KvLQT1/mink,3,4,8.5
Ondansetron,KvLQT1/mink,1,20,10.8
Ondansetron,KvLQT1/mink,2,20,9.3
Ondansetron,KvLQT1/mink,3,20,9.7
Ondansetron,Kv4.3,1,0.2,0
Ondansetron,Kv4.3,2,0.2,0
Ondansetron,Kv4.3,3,0.2,0
Ondansetron,Kv4.3,1,1,0
Ondansetron,Kv4.3,2,1,0
Ondansetron,Kv4.3,3,1,0
Ondansetron,Kv4.3,1,4,0
Ondansetron,Kv4.3,2,4,0
Ondansetron,Kv4.3,3,4,1.4
Ondansetron,Kv4.3,1,20,0.08
Ondansetron,Kv4.3,2,20,0
Ondansetron,Kv4.3,3,20,7.9
Ondansetron,Kv4.3,4,20,0
Ondansetron,Kir2.1,1,0.2,0
Ondansetron,Kir2.1,2,0.2,0
Ondansetron,Kir2.1,3,0.2,0
Ondansetron,Kir2.1,1,1,0
Ondansetron,Kir2.1,2,1,0
Ondansetron,Kir2.1,3,1,0
Ondansetron,Kir2.1,1,4,0
Ondansetron,Kir2.1,2,4,0
Ondansetron,Kir2.1,3,4,0
Ondansetron,Kir2.1,1,20,0.9
Ondansetron,Kir2.1,2,20,5.6
Ondansetron,Kir2.1,3,20,2.4
Propafenone,hERG,1,0.13,17.6
Propafenone,hERG,2,0.13,26.6
Propafenone,hERG,3,0.13,27.6
Propafenone,hERG,1,0.39,32
Propafenone,hERG,2,0.39,41.3
Propafenone,hERG,3,0.39,64.7
Propafenone,hERG,4,0.39,48.8
Propafenone,hERG,1,1.3,58.4
Propafenone,hERG,2,1.3,69.2
Propafenone,hERG,3,1.3,78.9
Propafenone,hERG,4,1.3,47.4
Propafenone,hERG,1,6.5,87.1
Propafenone,hERG,2,6.5,82.4
Propafenone,hERG,3,6.5,89.5
Propafenone,Nav1.5-peak,1,0.13,0
Propafenone,Nav1.5-peak,2,0.13,1.4
Propafenone,Nav1.5-peak,3,0.13,0.6
Propafenone,Nav1.5-peak,1,0.39,2.5
Propafenone,Nav1.5-peak,2,0.39,15.1
Propafenone,Nav1.5-peak,3,0.39,5.1
Propafenone,Nav1.5-peak,1,1.3,21.2
Propafenone,Nav1.5-peak,2,1.3,38.8
Propafenone,Nav1.5-peak,3,1.3,32.4
Propafenone,Nav1.5-peak,1,6.5,59.6
Propafenone,Nav1.5-peak,2,6.5,67.7
Propafenone,Nav1.5-peak,3,6.5,52.7
Propafenone,Nav1.5-late,1,0.13,4.4
Propafenone,Nav1.5-late,2,0.13,0.6
Propafenone,Nav1.5-late,3,0.13,0
Propafenone,Nav1.5-late,1,0.39,12.1
Propafenone,Nav1.5-late,2,0.39,3.2
Propafenone,Nav1.5-late,3,0.39,6.4
Propafenone,Nav1.5-late,1,1.3,34.2
Propafenone,Nav1.5-late,2,1.3,27.4
Propafenone,Nav1.5-late,3,1.3,36.9
Propafenone,Nav1.5-late,1,6.5,57.5
Propafenone,Nav1.5-late,2,6.5,42.9
Propafenone,Nav1.5-late,3,6.5,55.5
Propafenone,Nav1.5-late,4,6.5,78.3
Propafenone,Cav1.2,1,0.13,7.2
Propafenone,Cav1.2,2,0.13,8
Propafenone,Cav1.2,3,0.13,8.2
Propafenone,Cav1.2,1,0.39,26
Propafenone,Cav1.2,2,0.39,16.8
Propafenone,Cav1.2,3,0.39,20.5
Propafenone,Cav1.2,1,1.3,42.9
Propafenone,Cav1.2,2,1.3,49.1
Propafenone,Cav1.2,3,1.3,58.2
Propafenone,Cav1.2,1,6.5,68.4
Propafenone,Cav1.2,2,6.5,77.6
Propafenone,Cav1.2,3,6.5,79.5
Propafenone,KvLQT1/mink,1,0.13,0.1
Propafenone,KvLQT1/mink,2,0.13,1
Propafenone,KvLQT1/mink,3,0.13,0.5
Propafenone,KvLQT1/mink,1,0.39,0
Propafenone,KvLQT1/mink,2,0.39,2
Propafenone,KvLQT1/mink,3,0.39,3
Propafenone,KvLQT1/mink,1,1.3,0.3
Propafenone,KvLQT1/mink,2,1.3,3.2
Propafenone,KvLQT1/mink,3,1.3,7.2
Propafenone,KvLQT1/mink,1,6.5,19.9
Propafenone,KvLQT1/mink,2,6.5,18.4
Propafenone,KvLQT1/mink,3,6.5,34.3
Propafenone,Kv4.3,1,0.13,0
Propafenone,Kv4.3,2,0.13,0.6
Propafenone,Kv4.3,3,0.13,1.3
Propafenone,Kv4.3,1,0.39,0
Propafenone,Kv4.3,2,0.39,0
Propafenone,Kv4.3,3,0.39,1.2
Propafenone,Kv4.3,1,1.3,5
Propafenone,Kv4.3,2,1.3,15.1
Propafenone,Kv4.3,3,1.3,8.9
Propafenone,Kv4.3,1,6.5,18.8
Propafenone,Kv4.3,2,6.5,28.3
Propafenone,Kv4.3,3,6.5,15.7
Propafenone,Kir2.1,1,0.13,0
Propafenone,Kir2.1,2,0.13,0
Propafenone,Kir2.1,3,0.13,0
Propafenone,Kir2.1,1,0.39,0
Propafenone,Kir2.1,2,0.39,0
Propafenone,Kir2.1,3,0.39,0
Propafenone,Kir2.1,1,1.3,0
Propafenone,Kir2.1,2,1.3,0
Propafenone,Kir2.1,3,1.3,0
Propafenone,Kir2.1,1,6.5,5.3
Propafenone,Kir2.1,2,6.5,3.8
Propafenone,Kir2.1,3,6.5,1.1
Quinidine,hERG,1,0.3,47.6
Quinidine,hERG,2,0.3,37.9
Quinidine,hERG,3,0.3,50.4
Quinidine,hERG,1,0.9,86.7
Quinidine,hERG,2,0.9,71.6
Quinidine,hERG,3,0.9,68.2
Quinidine,hERG,1,2.7,97.1
Quinidine,hERG,2,2.7,85.2
Quinidine,hERG,3,2.7,83.6
Quinidine,hERG,1,5.4,100
Quinidine,hERG,2,5.4,89.3
Quinidine,hERG,3,5.4,85.1
Quinidine,Nav1.5-peak,1,0.3,0.3
Quinidine,Nav1.5-peak,2,0.3,0
Quinidine,Nav1.5-peak,3,0.3,0
Quinidine,Nav1.5-peak,1,0.9,0
Quinidine,Nav1.5-peak,2,0.9,0.3
Quinidine,Nav1.5-peak,3,0.9,2
Quinidine,Nav1.5-peak,1,2.7,4.2
Quinidine,Nav1.5-peak,2,2.7,11.2
Quinidine,Nav1.5-peak,3,2.7,15
Quinidine,Nav1.5-peak,1,5.4,26.5
Quinidine,Nav1.5-peak,2,5.4,16.4
Quinidine,Nav1.5-peak,3,5.4,24.1
Quinidine,Nav1.5-late,1,0.3,1.3
Quinidine,Nav1.5-late,2,0.3,5.6
Quinidine,Nav1.5-late,3,0.3,3.6
Quinidine,Nav1.5-late,1,0.9,0
Quinidine,Nav1.5-late,2,0.9,1.6
Quinidine,Nav1.5-late,3,0.9,3.1
Quinidine,Nav1.5-late,1,2.7,13.7
Quinidine,Nav1.5-late,2,2.7,19.7
Quinidine,Nav1.5-late,3,2.7,17.8
Quinidine,Nav1.5-late,1,5.4,27.7
Quinidine,Nav1.5-late,2,5.4,34.3
Quinidine,Nav1.5-late,3,5.4,33.5
Quinidine,Cav1.2,1,0.3,3.2
Quinidine,Cav1.2,2,0.3,3.4
Quinidine,Cav1.2,3,0.3,0.09
Quinidine,Cav1.2,1,0.9,9.4
Quinidine,Cav1.2,2,0.9,10.6
Quinidine,Cav1.2,3,0.9,10.3
Quinidine,Cav1.2,1,2.7,15.1
Quinidine,Cav1.2,2,2.7,15.8
Quinidine,Cav1.2,3,2.7,16.3
Quinidine,Cav1.2,1,5.4,23.2
Quinidine,Cav1.2,2,5.4,18.2
Quinidine,Cav1.2,3,5.4,19.1
Quinidine,KvLQT1/mink,1,0.3,0
Quinidine,KvLQT1/mink,2,0.3,0
Quinidine,KvLQT1/mink,3,0.3,0
Quinidine,KvLQT1/mink,4,0.3,6.2
Quinidine,KvLQT1/mink,1,0.9,13.1
Quinidine,KvLQT1/mink,2,0.9,11
Quinidine,KvLQT1/mink,3,0.9,15.7
Quinidine,KvLQT1/mink,1,2.7,25.1
Quinidine,KvLQT1/mink,2,2.7,33.8
Quinidine,KvLQT1/mink,3,2.7,20.8
Quinidine,KvLQT1/mink,1,5.4,48.9
Quinidine,KvLQT1/mink,2,5.4,49.2
Quinidine,KvLQT1/mink,3,5.4,68.4
Quinidine,Kv4.3,1,0.3,9.7
Quinidine,Kv4.3,2,0.3,4.7
Quinidine,Kv4.3,3,0.3,3.3
Quinidine,Kv4.3,1,0.9,12.4
Quinidine,Kv4.3,2,0.9,13.6
Quinidine,Kv4.3,3,0.9,17.6
Quinidine,Kv4.3,1,2.7,31.7
Quinidine,Kv4.3,2,2.7,50
Quinidine,Kv4.3,3,2.7,42.1
Quinidine,Kv4.3,1,5.4,63.1
Quinidine,Kv4.3,2,5.4,69.3
Quinidine,Kv4.3,3,5.4,60.3
Quinidine,Kir2.1,1,0.3,0
Quinidine,Kir2.1,2,0.3,0
Quinidine,Kir2.1,3,0.3,5.2
Quinidine,Kir2.1,1,0.9,0
Quinidine,Kir2.1,2,0.9,11
Quinidine,Kir2.1,3,0.9,0
Quinidine,Kir2.1,1,2.7,0
Quinidine,Kir2.1,2,2.7,0
Quinidine,Kir2.1,3,2.7,3
Quinidine,Kir2.1,1,5.4,0.4
Quinidine,Kir2.1,2,5.4,3.9
Quinidine,Kir2.1,3,5.4,12.5
Quinine,hERG,1,4,40.1
Quinine,hERG,2,4,46.7
Quinine,hERG,3,4,40.3
Quinine,hERG,1,12,74.5
Quinine,hERG,2,12,76.9
Quinine,hERG,3,12,65.1
Quinine,hERG,1,40,92.2
Quinine,hERG,2,40,93
Quinine,hERG,3,40,74.4
Quinine,hERG,1,200,97
Quinine,hERG,2,200,98.2
Quinine,hERG,3,200,89.2
Quinine,Nav1.5-peak,1,4,26.8
Quinine,Nav1.5-peak,2,4,6.7
Quinine,Nav1.5-peak,3,4,12.4
Quinine,Nav1.5-peak,1,12,36.6
Quinine,Nav1.5-peak,2,12,13.6
Quinine,Nav1.5-peak,3,12,34.4
Quinine,Nav1.5-peak,1,40,62
Quinine,Nav1.5-peak,2,40,60.7
Quinine,Nav1.5-peak,3,40,73.2
Quinine,Nav1.5-peak,1,200,88.6
Quinine,Nav1.5-peak,2,200,100
Quinine,Nav1.5-peak,3,200,84.4
Quinine,Nav1.5-late,1,4,44.9
Quinine,Nav1.5-late,2,4,44.8
Quinine,Nav1.5-late,3,4,54.6
Quinine,Nav1.5-late,1,12,46.8
Quinine,Nav1.5-late,2,12,52.7
Quinine,Nav1.5-late,3,12,60
Quinine,Nav1.5-late,1,40,60.6
Quinine,Nav1.5-late,2,40,59.6
Quinine,Nav1.5-late,3,40,79.6
Quinine,Nav1.5-late,1,200,81.6
Quinine,Nav1.5-late,2,200,79.8
Quinine,Nav1.5-late,3,200,87.6
Quinine,Nav1.5-late,4,200,79.7
Quinine,Cav1.2,1,4,18.1
Quinine,Cav1.2,2,4,15.8
Quinine,Cav1.2,3,4,12.7
Quinine,Cav1.2,1,12,30.7
Quinine,Cav1.2,2,12,37
Quinine,Cav1.2,3,12,18.2
Quinine,Cav1.2,1,40,63.4
Quinine,Cav1.2,2,40,61.4
Quinine,Cav1.2,3,40,52.1
Quinine,Cav1.2,1,200,94.1
Quinine,Cav1.2,2,200,87.6
Quinine,Cav1.2,3,200,89.4
Quinine,KvLQT1/mink,1,4,6.5
Quinine,KvLQT1/mink,2,4,5.7
Quinine,KvLQT1/mink,3,4,21.3
Quinine,KvLQT1/mink,1,12,22.8
Quinine,KvLQT1/mink,2,12,15.3
Quinine,KvLQT1/mink,3,12,21.6
Quinine,KvLQT1/mink,1,40,39.4
Quinine,KvLQT1/mink,2,40,69.1
Quinine,KvLQT1/mink,3,40,51.5
Quinine,KvLQT1/mink,1,200,78.7
Quinine,KvLQT1/mink,2,200,75.5
Quinine,KvLQT1/mink,3,200,96.6
Quinine,KvLQT1/mink,4,200,89.9
Quinine,Kv4.3,1,4,8.1
Quinine,Kv4.3,2,4,5.6
Quinine,Kv4.3,3,4,3.6
Quinine,Kv4.3,1,12,19.3
Quinine,Kv4.3,2,12,12.7
Quinine,Kv4.3,3,12,13.1
Quinine,Kv4.3,1,40,23.8
Quinine,Kv4.3,2,40,37.1
Quinine,Kv4.3,3,40,31
Quinine,Kv4.3,4,40,41.4
Quinine,Kv4.3,1,200,66.7
Quinine,Kv4.3,2,200,67.8
Quinine,Kv4.3,3,200,66.2
Quinine,Kv4.3,4,200,78.5
Quinine,Kv4.3,5,200,76.7
Quinine,Kir2.1,1,4,0
Quinine,Kir2.1,2,4,0
Quinine,Kir2.1,3,4,0
Quinine,Kir2.1,1,12,0
Quinine,Kir2.1,2,12,0
Quinine,Kir2.1,3,12,0
Quinine,Kir2.1,1,40,0
Quinine,Kir2.1,2,40,1.3
Quinine,Kir2.1,3,40,0
Quinine,Kir2.1,1,200,6.8
Quinine,Kir2.1,2,200,4.2
Quinine,Kir2.1,3,200,0
Ranolazine,hERG,1,0.575,6.5
Ranolazine,hERG,2,0.575,5.7
Ranolazine,hERG,3,0.575,2.5
Ranolazine,hERG,4,0.575,4.2
Ranolazine,hERG,1,2.3,39.8
Ranolazine,hERG,2,2.3,38.5
Ranolazine,hERG,3,2.3,28.1
Ranolazine,hERG,1,6.9,52.9
Ranolazine,hERG,2,6.9,55.9
Ranolazine,hERG,3,6.9,61.9
Ranolazine,hERG,1,23,64.5
Ranolazine,hERG,2,23,74.6
Ranolazine,hERG,3,23,70.3
Ranolazine,Nav1.5-peak,1,0.575,0
Ranolazine,Nav1.5-peak,2,0.575,0
Ranolazine,Nav1.5-peak,3,0.575,1.2
Ranolazine,Nav1.5-peak,1,2.3,0
Ranolazine,Nav1.5-peak,2,2.3,0
Ranolazine,Nav1.5-peak,3,2.3,2.9
Ranolazine,Nav1.5-peak,1,6.9,0
Ranolazine,Nav1.5-peak,2,6.9,4.4
Ranolazine,Nav1.5-peak,3,6.9,6.2
Ranolazine,Nav1.5-peak,1,23,13.2
Ranolazine,Nav1.5-peak,2,23,10
Ranolazine,Nav1.5-peak,3,23,28.9
Ranolazine,Nav1.5-late,1,0.575,6
Ranolazine,Nav1.5-late,2,0.575,7.1
Ranolazine,Nav1.5-late,3,0.575,4.5
Ranolazine,Nav1.5-late,1,2.3,18.8
Ranolazine,Nav1.5-late,2,2.3,23.9
Ranolazine,Nav1.5-late,3,2.3,30.1
Ranolazine,Nav1.5-late,1,6.9,36.5
Ranolazine,Nav1.5-late,2,6.9,58.4
Ranolazine,Nav1.5-late,3,6.9,48.7
Ranolazine,Nav1.5-late,1,23,58.9
Ranolazine,Nav1.5-late,2,23,79.7
Ranolazine,Nav1.5-late,3,23,78.3
Ranolazine,Cav1.2,1,0.575,0
Ranolazine,Cav1.2,2,0.575,0
Ranolazine,Cav1.2,3,0.575,0
Ranolazine,Cav1.2,1,2.3,0
Ranolazine,Cav1.2,2,2.3,0
Ranolazine,Cav1.2,3,2.3,0
Ranolazine,Cav1.2,1,6.9,0
Ranolazine,Cav1.2,2,6.9,0
Ranolazine,Cav1.2,3,6.9,0
Ranolazine,Cav1.2,1,23,6.8
Ranolazine,Cav1.2,2,23,0.6
Ranolazine,Cav1.2,3,23,0
Ranolazine,KvLQT1/mink,1,0.575,0.7
Ranolazine,KvLQT1/mink,2,0.575,0
Ranolazine,KvLQT1/mink,3,0.575,0
Ranolazine,KvLQT1/mink,1,2.3,1
Ranolazine,KvLQT1/mink,2,2.3,0
Ranolazine,KvLQT1/mink,3,2.3,0.8
Ranolazine,KvLQT1/mink,1,6.9,3
Ranolazine,KvLQT1/mink,2,6.9,0
Ranolazine,KvLQT1/mink,3,6.9,0.9
Ranolazine,KvLQT1/mink,1,23,2.5
Ranolazine,KvLQT1/mink,2,23,0
Ranolazine,KvLQT1/mink,3,23,3.8
Ranolazine,Kv4.3,1,2.3,1.2
Ranolazine,Kv4.3,2,2.3,9
Ranolazine,Kv4.3,3,2.3,8
Ranolazine,Kv4.3,1,6.9,15.7
Ranolazine,Kv4.3,2,6.9,5.2
Ranolazine,Kv4.3,3,6.9,6.9
Ranolazine,Kv4.3,1,23,9.3
Ranolazine,Kv4.3,2,23,11.4
Ranolazine,Kv4.3,3,23,13.7
Ranolazine,Kv4.3,1,69,25.2
Ranolazine,Kv4.3,2,69,28.8
Ranolazine,Kv4.3,3,69,25.4
Ranolazine,Kir2.1,1,0.575,0
Ranolazine,Kir2.1,2,0.575,0.4
Ranolazine,Kir2.1,3,0.575,1.2
Ranolazine,Kir2.1,1,2.3,0
Ranolazine,Kir2.1,2,2.3,3
Ranolazine,Kir2.1,3,2.3,0
Ranolazine,Kir2.1,1,6.9,0
Ranolazine,Kir2.1,2,6.9,6.2
Ranolazine,Kir2.1,3,6.9,0
Ranolazine,Kir2.1,1,23,0
Ranolazine,Kir2.1,2,23,0.8
Ranolazine,Kir2.1,3,23,0
Ritonavir,hERG,1,0.4,5.6
Ritonavir,hERG,2,0.4,7.4
Ritonavir,hERG,3,0.4,10.3
Ritonavir,hERG,1,1.2,13.9
Ritonavir,hERG,2,1.2,12.2
Ritonavir,hERG,3,1.2,18
Ritonavir,hERG,1,4,52.2
Ritonavir,hERG,2,4,31.7
Ritonavir,hERG,3,4,39.5
Ritonavir,hERG,4,4,60.7
Ritonavir,hERG,1,20,78.7
Ritonavir,hERG,2,20,84.1
Ritonavir,hERG,3,20,68.5
Ritonavir,hERG,4,20,82.6
Ritonavir,Nav1.5-peak,1,0.4,2.3
Ritonavir,Nav1.5-peak,2,0.4,0
Ritonavir,Nav1.5-peak,3,0.4,0
Ritonavir,Nav1.5-peak,1,1.2,16.8
Ritonavir,Nav1.5-peak,2,1.2,16.1
Ritonavir,Nav1.5-peak,3,1.2,12.9
Ritonavir,Nav1.5-peak,1,4,24.4
Ritonavir,Nav1.5-peak,2,4,28.2
Ritonavir,Nav1.5-peak,3,4,26.2
Ritonavir,Nav1.5-peak,4,4,31.8
Ritonavir,Nav1.5-peak,5,4,35.5
Ritonavir,Nav1.5-peak,1,20,30
Ritonavir,Nav1.5-peak,2,20,41.4
Ritonavir,Nav1.5-peak,3,20,48.2
Ritonavir,Nav1.5-peak,4,20,47.2
Ritonavir,Nav1.5-late,1,0.4,0
Ritonavir,Nav1.5-late,2,0.4,3.8
Ritonavir,Nav1.5-late,3,0.4,1.5
Ritonavir,Nav1.5-late,1,1.2,20.7
Ritonavir,Nav1.5-late,2,1.2,25.6
Ritonavir,Nav1.5-late,3,1.2,31.1
Ritonavir,Nav1.5-late,1,4,44.9
Ritonavir,Nav1.5-late,2,4,55.5
Ritonavir,Nav1.5-late,3,4,44
Ritonavir,Nav1.5-late,1,20,45.5
Ritonavir,Nav1.5-late,2,20,63.5
Ritonavir,Nav1.5-late,3,20,58.7
Ritonavir,Nav1.5-late,4,20,82.1
Ritonavir,Cav1.2,1,0.4,0.6
Ritonavir,Cav1.2,2,0.4,0
Ritonavir,Cav1.2,3,0.4,2.4
Ritonavir,Cav1.2,1,1.2,14.2
Ritonavir,Cav1.2,2,1.2,9.6
Ritonavir,Cav1.2,3,1.2,12.9
Ritonavir,Cav1.2,1,4,25.1
Ritonavir,Cav1.2,2,4,21.4
Ritonavir,Cav1.2,3,4,32.8
Ritonavir,Cav1.2,1,20,69.9
Ritonavir,Cav1.2,2,20,76.3
Ritonavir,Cav1.2,3,20,83
Ritonavir,KvLQT1/mink,1,0.4,6.1
Ritonavir,KvLQT1/mink,2,0.4,0
Ritonavir,KvLQT1/mink,3,0.4,0
Ritonavir,KvLQT1/mink,4,0.4,6.7
Ritonavir,KvLQT1/mink,5,0.4,0
Ritonavir,KvLQT1/mink,1,1.2,10
Ritonavir,KvLQT1/mink,2,1.2,1.2
Ritonavir,KvLQT1/mink,3,1.2,0
Ritonavir,KvLQT1/mink,4,1.2,0
Ritonavir,KvLQT1/mink,1,4,18.7
Ritonavir,KvLQT1/mink,2,4,0
Ritonavir,KvLQT1/mink,3,4,0
Ritonavir,KvLQT1/mink,1,20,24.5
Ritonavir,KvLQT1/mink,2,20,24.1
Ritonavir,KvLQT1/mink,3,20,5.8
Ritonavir,Kv4.3,1,0.4,0
Ritonavir,Kv4.3,2,0.4,3.2
Ritonavir,Kv4.3,3,0.4,0.8
Ritonavir,Kv4.3,1,1.2,15
Ritonavir,Kv4.3,2,1.2,8.1
Ritonavir,Kv4.3,3,1.2,6.6
Ritonavir,Kv4.3,1,4,1.1
Ritonavir,Kv4.3,2,4,13.9
Ritonavir,Kv4.3,3,4,7.2
Ritonavir,Kv4.3,1,20,20.2
Ritonavir,Kv4.3,2,20,19.7
Ritonavir,Kv4.3,3,20,17.6
Ritonavir,Kir2.1,1,0.4,9.9
Ritonavir,Kir2.1,2,0.4,0
Ritonavir,Kir2.1,3,0.4,1.5
Ritonavir,Kir2.1,1,1.2,0
Ritonavir,Kir2.1,2,1.2,27.3
Ritonavir,Kir2.1,3,1.2,0
Ritonavir,Kir2.1,1,4,0
Ritonavir,Kir2.1,2,4,13
Ritonavir,Kir2.1,3,4,0
Ritonavir,Kir2.1,1,20,0
Ritonavir,Kir2.1,2,20,0
Ritonavir,Kir2.1,3,20,0
Rufinamide,hERG,1,80,0
Rufinamide,hERG,2,80,3.9
Rufinamide,hERG,3,80,0
Rufinamide,hERG,1,240,2.7
Rufinamide,hERG,2,240,0
Rufinamide,hERG,3,240,0
Rufinamide,Nav1.5-peak,1,80,0.9
Rufinamide,Nav1.5-peak,2,80,0
Rufinamide,Nav1.5-peak,3,80,0
Rufinamide,Nav1.5-peak,1,240,2
Rufinamide,Nav1.5-peak,2,240,1.8
Rufinamide,Nav1.5-peak,3,240,13.4
Rufinamide,Nav1.5-late,1,80,0
Rufinamide,Nav1.5-late,2,80,8.2
Rufinamide,Nav1.5-late,3,80,0
Rufinamide,Nav1.5-late,1,240,13.2
Rufinamide,Nav1.5-late,2,240,10.2
Rufinamide,Nav1.5-late,3,240,10.4
Rufinamide,Cav1.2,1,80,24.9
Rufinamide,Cav1.2,2,80,27.3
Rufinamide,Cav1.2,3,80,21.7
Rufinamide,Cav1.2,1,240,51.1
Rufinamide,Cav1.2,2,240,47.1
Rufinamide,Cav1.2,3,240,45
Rufinamide,KvLQT1/mink,1,80,0.4
Rufinamide,KvLQT1/mink,2,80,0.2
Rufinamide,KvLQT1/mink,3,80,1.7
Rufinamide,KvLQT1/mink,1,240,1.3
Rufinamide,KvLQT1/mink,2,240,0
Rufinamide,KvLQT1/mink,3,240,0
Rufinamide,KvLQT1/mink,4,240,4.8
Rufinamide,Kv4.3,1,80,0
Rufinamide,Kv4.3,2,80,0
Rufinamide,Kv4.3,3,80,0.2
Rufinamide,Kv4.3,1,240,0
Rufinamide,Kv4.3,2,240,1.3
Rufinamide,Kv4.3,3,240,3.5
Rufinamide,Kir2.1,1,80,0
Rufinamide,Kir2.1,2,80,0
Rufinamide,Kir2.1,3,80,0
Rufinamide,Kir2.1,1,240,0
Rufinamide,Kir2.1,2,240,0
Rufinamide,Kir2.1,3,240,0
Saquinavir,hERG,1,0.4,7.1
Saquinavir,hERG,2,0.4,18.4
Saquinavir,hERG,3,0.4,12.7
Saquinavir,hERG,1,1.2,24.2
Saquinavir,hERG,2,1.2,28.1
Saquinavir,hERG,3,1.2,16.9
Saquinavir,hERG,4,1.2,25.9
Saquinavir,hERG,1,4,69
Saquinavir,hERG,2,4,47.9
Saquinavir,hERG,3,4,66.5
Saquinavir,hERG,4,4,39.4
Saquinavir,hERG,1,20,86.8
Saquinavir,hERG,2,20,85.2
Saquinavir,hERG,3,20,95
Saquinavir,hERG,4,20,64.6
Saquinavir,Nav1.5-peak,1,0.4,1.1
Saquinavir,Nav1.5-peak,2,0.4,0
Saquinavir,Nav1.5-peak,3,0.4,2.6
Saquinavir,Nav1.5-peak,1,1.2,2
Saquinavir,Nav1.5-peak,2,1.2,1.5
Saquinavir,Nav1.5-peak,3,1.2,4.2
Saquinavir,Nav1.5-peak,1,4,12.1
Saquinavir,Nav1.5-peak,2,4,26.3
Saquinavir,Nav1.5-peak,3,4,12
Saquinavir,Nav1.5-peak,1,20,44.4
Saquinavir,Nav1.5-peak,2,20,84.1
Saquinavir,Nav1.5-peak,3,20,43.7
Saquinavir,Nav1.5-late,1,0.4,0.7
Saquinavir,Nav1.5-late,2,0.4,4.2
Saquinavir,Nav1.5-late,3,0.4,2.3
Saquinavir,Nav1.5-late,1,1.2,4.3
Saquinavir,Nav1.5-late,2,1.2,0
Saquinavir,Nav1.5-late,3,1.2,0
Saquinavir,Nav1.5-late,1,4,44.2
Saquinavir,Nav1.5-late,2,4,36.7
Saquinavir,Nav1.5-late,3,4,39.7
Saquinavir,Nav1.5-late,1,20,78.1
Saquinavir,Nav1.5-late,2,20,64.1
Saquinavir,Nav1.5-late,3,20,79.8
Saquinavir,Cav1.2,1,0.4,6.9
Saquinavir,Cav1.2,2,0.4,0
Saquinavir,Cav1.2,3,0.4,6.7
Saquinavir,Cav1.2,1,1.2,13.5
Saquinavir,Cav1.2,2,1.2,14.1
Saquinavir,Cav1.2,3,1.2,24.9
Saquinavir,Cav1.2,1,4,68.9
Saquinavir,Cav1.2,2,4,50.7
Saquinavir,Cav1.2,3,4,65.4
Saquinavir,Cav1.2,1,20,90.8
Saquinavir,Cav1.2,2,20,87.4
Saquinavir,Cav1.2,3,20,84.2
Saquinavir,KvLQT1/mink,1,0.4,0
Saquinavir,KvLQT1/mink,2,0.4,2.6
Saquinavir,KvLQT1/mink,3,0.4,0
Saquinavir,KvLQT1/mink,1,1.2,0
Saquinavir,KvLQT1/mink,2,1.2,2.7
Saquinavir,KvLQT1/mink,3,1.2,0
Saquinavir,KvLQT1/mink,1,4,0
Saquinavir,KvLQT1/mink,2,4,1.8
Saquinavir,KvLQT1/mink,3,4,0
Saquinavir,KvLQT1/mink,1,20,12.2
Saquinavir,KvLQT1/mink,2,20,22.4
Saquinavir,KvLQT1/mink,3,20,11.8
Saquinavir,Kv4.3,1,0.4,0
Saquinavir,Kv4.3,2,0.4,2
Saquinavir,Kv4.3,3,0.4,0
Saquinavir,Kv4.3,1,1.2,0
Saquinavir,Kv4.3,2,1.2,0.4
Saquinavir,Kv4.3,3,1.2,10.7
Saquinavir,Kv4.3,1,4,0
Saquinavir,Kv4.3,2,4,0
Saquinavir,Kv4.3,3,4,0.07
Saquinavir,Kv4.3,1,20,0
Saquinavir,Kv4.3,2,20,0
Saquinavir,Kv4.3,3,20,8.3
Saquinavir,Kv4.3,4,20,0
Saquinavir,Kv4.3,5,20,4.2
Saquinavir,Kir2.1,1,0.4,0
Saquinavir,Kir2.1,2,0.4,0
Saquinavir,Kir2.1,3,0.4,0
Saquinavir,Kir2.1,1,1.2,0
Saquinavir,Kir2.1,2,1.2,0
Saquinavir,Kir2.1,3,1.2,0
Saquinavir,Kir2.1,1,4,1.6
Saquinavir,Kir2.1,2,4,0
Saquinavir,Kir2.1,3,4,0.5
Saquinavir,Kir2.1,1,20,5.1
Saquinavir,Kir2.1,2,20,0
Saquinavir,Kir2.1,3,20,4.3
Sertindole,hERG,1,0.0015,7.2
Sertindole,hERG,2,0.0015,15.7
Sertindole,hERG,3,0.0015,24.3
Sertindole,hERG,1,0.0045,27.1
Sertindole,hERG,2,0.0045,35
Sertindole,hERG,3,0.0045,38.6
Sertindole,hERG,1,0.015,47.6
Sertindole,hERG,2,0.015,51.3
Sertindole,hERG,3,0.015,62.8
Sertindole,hERG,1,0.075,77.4
Sertindole,hERG,2,0.075,83.7
Sertindole,hERG,3,0.075,88.2
Sertindole,Nav1.5-peak,1,0.0015,0.4
Sertindole,Nav1.5-peak,2,0.0015,0
Sertindole,Nav1.5-peak,3,0.0015,0
Sertindole,Nav1.5-peak,1,0.0045,0
Sertindole,Nav1.5-peak,2,0.0045,0
Sertindole,Nav1.5-peak,3,0.0045,0
Sertindole,Nav1.5-peak,1,0.015,0
Sertindole,Nav1.5-peak,2,0.015,0
Sertindole,Nav1.5-peak,3,0.015,0.4
Sertindole,Nav1.5-peak,1,0.075,1
Sertindole,Nav1.5-peak,2,0.075,0
Sertindole,Nav1.5-peak,3,0.075,0
Sertindole,Nav1.5-late,1,0.0015,0
Sertindole,Nav1.5-late,2,0.0015,0
Sertindole,Nav1.5-late,3,0.0015,0
Sertindole,Nav1.5-late,1,0.0045,5
Sertindole,Nav1.5-late,2,0.0045,0
Sertindole,Nav1.5-late,3,0.0045,1.5
Sertindole,Nav1.5-late,1,0.015,1.5
Sertindole,Nav1.5-late,2,0.015,0
Sertindole,Nav1.5-late,3,0.015,3
Sertindole,Nav1.5-late,1,0.075,0
Sertindole,Nav1.5-late,2,0.075,4.9
Sertindole,Nav1.5-late,3,0.075,1
Sertindole,Cav1.2,1,0.0015,1.3
Sertindole,Cav1.2,2,0.0015,0.3
Sertindole,Cav1.2,3,0.0015,0
Sertindole,Cav1.2,1,0.0045,2
Sertindole,Cav1.2,2,0.0045,2.5
Sertindole,Cav1.2,3,0.0045,0
Sertindole,Cav1.2,1,0.015,3.5
Sertindole,Cav1.2,2,0.015,4.4
Sertindole,Cav1.2,3,0.015,4.4
Sertindole,Cav1.2,1,0.075,5.3
Sertindole,Cav1.2,2,0.075,8.2
Sertindole,Cav1.2,3,0.075,6.1
Sertindole,KvLQT1/mink,1,0.0015,0
Sertindole,KvLQT1/mink,2,0.0015,0
Sertindole,KvLQT1/mink,3,0.0015,0
Sertindole,KvLQT1/mink,1,0.0045,1.2
Sertindole,KvLQT1/mink,2,0.0045,0
Sertindole,KvLQT1/mink,3,0.0045,0.8
Sertindole,KvLQT1/mink,1,0.015,0.3
Sertindole,KvLQT1/mink,2,0.015,0
Sertindole,KvLQT1/mink,3,0.015,3.3
Sertindole,KvLQT1/mink,1,0.075,0.9
Sertindole,KvLQT1/mink,2,0.075,0
Sertindole,KvLQT1/mink,3,0.075,3.7
Sertindole,Kv4.3,1,0.0015,0
Sertindole,Kv4.3,2,0.0015,2.1
Sertindole,Kv4.3,3,0.0015,2
Sertindole,Kv4.3,1,0.0045,0
Sertindole,Kv4.3,2,0.0045,0
Sertindole,Kv4.3,3,0.0045,2.9
Sertindole,Kv4.3,1,0.015,0
Sertindole,Kv4.3,2,0.015,2
Sertindole,Kv4.3,3,0.015,1.4
Sertindole,Kv4.3,1,0.075,0
Sertindole,Kv4.3,2,0.075,3.7
Sertindole,Kv4.3,3,0.075,2.1
Sertindole,Kir2.1,1,0.0015,0
Sertindole,Kir2.1,2,0.0015,0
Sertindole,Kir2.1,3,0.0015,0.3
Sertindole,Kir2.1,1,0.0045,0
Sertindole,Kir2.1,2,0.0045,0
Sertindole,Kir2.1,3,0.0045,0
Sertindole,Kir2.1,1,0.015,0
Sertindole,Kir2.1,2,0.015,0
Sertindole,Kir2.1,3,0.015,0
Sertindole,Kir2.1,1,0.075,0
Sertindole,Kir2.1,2,0.075,0
Sertindole,Kir2.1,3,0.075,0
Sotalol,hERG,1,14,33.7
Sotalol,hERG,2,14,7.2
Sotalol,hERG,3,14,10.4
Sotalol,hERG,1,140,70.9
Sotalol,hERG,2,140,47.2
Sotalol,hERG,3,140,58.6
Sotalol,hERG,1,700,97.6
Sotalol,hERG,2,700,84.2
Sotalol,hERG,3,700,89.2
Sotalol,hERG,1,2100,99.7
Sotalol,hERG,2,2100,88.9
Sotalol,hERG,3,2100,97.7
Sotalol,Nav1.5-peak,1,14,0
Sotalol,Nav1.5-peak,2,14,1.4
Sotalol,Nav1.5-peak,3,14,0.3
Sotalol,Nav1.5-peak,1,140,0
Sotalol,Nav1.5-peak,2,140,1.8
Sotalol,Nav1.5-peak,3,140,0.7
Sotalol,Nav1.5-peak,1,700,0
Sotalol,Nav1.5-peak,2,700,2.6
Sotalol,Nav1.5-peak,3,700,4.3
Sotalol,Nav1.5-peak,1,2100,0
Sotalol,Nav1.5-peak,2,2100,3.9
Sotalol,Nav1.5-peak,3,2100,7.8
Sotalol,Nav1.5-late,1,14,0
Sotalol,Nav1.5-late,2,14,0
Sotalol,Nav1.5-late,3,14,0
Sotalol,Nav1.5-late,1,140,0
Sotalol,Nav1.5-late,2,140,0
Sotalol,Nav1.5-late,3,140,0.4
Sotalol,Nav1.5-late,1,700,0
Sotalol,Nav1.5-late,2,700,3
Sotalol,Nav1.5-late,3,700,0
Sotalol,Nav1.5-late,1,2100,15.4
Sotalol,Nav1.5-late,2,2100,11.8
Sotalol,Nav1.5-late,3,2100,5.2
Sotalol,Cav1.2,1,14,3.6
Sotalol,Cav1.2,2,14,0
Sotalol,Cav1.2,3,14,2.4
Sotalol,Cav1.2,1,140,4.8
Sotalol,Cav1.2,2,140,0
Sotalol,Cav1.2,3,140,4.1
Sotalol,Cav1.2,1,700,13.5
Sotalol,Cav1.2,2,700,8.6
Sotalol,Cav1.2,3,700,13.4
Sotalol,Cav1.2,1,2100,32.1
Sotalol,Cav1.2,2,2100,19.3
Sotalol,Cav1.2,3,2100,26.6
Sotalol,KvLQT1/mink,1,14,0
Sotalol,KvLQT1/mink,2,14,0.9
Sotalol,KvLQT1/mink,3,14,0
Sotalol,KvLQT1/mink,1,140,0.4
Sotalol,KvLQT1/mink,2,140,2.3
Sotalol,KvLQT1/mink,3,140,0
Sotalol,KvLQT1/mink,1,700,17.6
Sotalol,KvLQT1/mink,2,700,5.5
Sotalol,KvLQT1/mink,3,700,15.8
Sotalol,KvLQT1/mink,4,700,6.1
Sotalol,KvLQT1/mink,1,2100,33.1
Sotalol,KvLQT1/mink,2,2100,22.2
Sotalol,KvLQT1/mink,3,2100,36.4
Sotalol,Kv4.3,1,14,0.6
Sotalol,Kv4.3,2,14,0
Sotalol,Kv4.3,3,14,0
Sotalol,Kv4.3,1,140,0.3
Sotalol,Kv4.3,2,140,0
Sotalol,Kv4.3,3,140,0.1
Sotalol,Kv4.3,1,700,16.1
Sotalol,Kv4.3,2,700,7.7
Sotalol,Kv4.3,3,700,0.5
Sotalol,Kv4.3,1,2100,15.9
Sotalol,Kv4.3,2,2100,8.7
Sotalol,Kv4.3,3,2100,11
Sotalol,Kv4.3,4,2100,9.9
Sotalol,Kir2.1,1,14,0
Sotalol,Kir2.1,2,14,0
Sotalol,Kir2.1,3,14,0
Sotalol,Kir2.1,1,140,0
Sotalol,Kir2.1,2,140,0
Sotalol,Kir2.1,3,140,0
Sotalol,Kir2.1,1,700,15.6
Sotalol,Kir2.1,2,700,21.6
Sotalol,Kir2.1,3,700,9.7
Sotalol,Kir2.1,1,2100,38.6
Sotalol,Kir2.1,2,2100,45.2
Sotalol,Kir2.1,3,2100,32
Terfenadine,hERG,1,0.0008,27.4
Terfenadine,hERG,2,0.0008,18.9
Terfenadine,hERG,3,0.0008,13.8
Terfenadine,hERG,1,0.008,45.5
Terfenadine,hERG,2,0.008,22.8
Terfenadine,hERG,3,0.008,30.4
Terfenadine,hERG,4,0.008,33.5
Terfenadine,hERG,1,0.08,85.9
Terfenadine,hERG,2,0.08,72.4
Terfenadine,hERG,3,0.08,64.5
Terfenadine,hERG,1,0.8,96.2
Terfenadine,hERG,2,0.8,78.6
Terfenadine,hERG,3,0.8,93.6
Terfenadine,Nav1.5-peak,1,0.0008,0.1
Terfenadine,Nav1.5-peak,2,0.0008,0
Terfenadine,Nav1.5-peak,3,0.0008,0.5
Terfenadine,Nav1.5-peak,1,0.008,0
Terfenadine,Nav1.5-peak,2,0.008,0
Terfenadine,Nav1.5-peak,3,0.008,0
Terfenadine,Nav1.5-peak,1,0.08,0
Terfenadine,Nav1.5-peak,2,0.08,0
Terfenadine,Nav1.5-peak,3,0.08,4.7
Terfenadine,Nav1.5-peak,1,0.8,16.8
Terfenadine,Nav1.5-peak,2,0.8,21.6
Terfenadine,Nav1.5-peak,3,0.8,12.3
Terfenadine,Nav1.5-peak,4,0.8,5.1
Terfenadine,Nav1.5-late,1,0.0008,0
Terfenadine,Nav1.5-late,2,0.0008,0
Terfenadine,Nav1.5-late,3,0.0008,6.1
Terfenadine,Nav1.5-late,1,0.008,0
Terfenadine,Nav1.5-late,2,0.008,7.9
Terfenadine,Nav1.5-late,3,0.008,6.1
Terfenadine,Nav1.5-late,1,0.08,0
Terfenadine,Nav1.5-late,2,0.08,8.9
Terfenadine,Nav1.5-late,3,0.08,0
Terfenadine,Nav1.5-late,1,0.8,15.5
Terfenadine,Nav1.5-late,2,0.8,23.4
Terfenadine,Nav1.5-late,3,0.8,9.8
Terfenadine,Cav1.2,1,0.0008,3.8
Terfenadine,Cav1.2,2,0.0008,1.4
Terfenadine,Cav1.2,3,0.0008,0
Terfenadine,Cav1.2,1,0.008,4.5
Terfenadine,Cav1.2,2,0.008,2.7
Terfenadine,Cav1.2,3,0.008,5.2
Terfenadine,Cav1.2,1,0.08,24
Terfenadine,Cav1.2,2,0.08,15.5
Terfenadine,Cav1.2,3,0.08,20.1
Terfenadine,Cav1.2,1,0.8,49.7
Terfenadine,Cav1.2,2,0.8,53.1
Terfenadine,Cav1.2,3,0.8,53.2
Terfenadine,KvLQT1/mink,1,0.0008,0
Terfenadine,KvLQT1/mink,2,0.0008,0.05
Terfenadine,KvLQT1/mink,3,0.0008,0
Terfenadine,KvLQT1/mink,1,0.008,0.6
Terfenadine,KvLQT1/mink,2,0.008,0
Terfenadine,KvLQT1/mink,3,0.008,0
Terfenadine,KvLQT1/mink,1,0.08,0.5
Terfenadine,KvLQT1/mink,2,0.08,2.6
Terfenadine,KvLQT1/mink,3,0.08,0
Terfenadine,KvLQT1/mink,1,0.8,0
Terfenadine,KvLQT1/mink,2,0.8,4
Terfenadine,KvLQT1/mink,3,0.8,5.9
Terfenadine,Kv4.3,1,0.0008,0
Terfenadine,Kv4.3,2,0.0008,5.3
Terfenadine,Kv4.3,3,0.0008,8.9
Terfenadine,Kv4.3,1,0.008,10.3
Terfenadine,Kv4.3,2,0.008,10.1
Terfenadine,Kv4.3,3,0.008,9
Terfenadine,Kv4.3,1,0.08,4.3
Terfenadine,Kv4.3,2,0.08,9.1
Terfenadine,Kv4.3,3,0.08,6.3
Terfenadine,Kv4.3,1,0.8,28.5
Terfenadine,Kv4.3,2,0.8,22.1
Terfenadine,Kv4.3,3,0.8,11.1
Terfenadine,Kir2.1,1,0.0008,8.2
Terfenadine,Kir2.1,2,0.0008,3.9
Terfenadine,Kir2.1,3,0.0008,0
Terfenadine,Kir2.1,1,0.008,0
Terfenadine,Kir2.1,2,0.008,0
Terfenadine,Kir2.1,3,0.008,0
Terfenadine,Kir2.1,1,0.08,0
Terfenadine,Kir2.1,2,0.08,8.6
Terfenadine,Kir2.1,3,0.08,0
Terfenadine,Kir2.1,1,0.8,0
Terfenadine,Kir2.1,2,0.8,0
Terfenadine,Kir2.1,3,0.8,0
Toremifene,hERG,1,0.025,0.8
Toremifene,hERG,2,0.025,0.4
Toremifene,hERG,3,0.025,1.9
Toremifene,hERG,4,0.025,0
Toremifene,hERG,1,0.075,0
Toremifene,hERG,2,0.075,2.4
Toremifene,hERG,3,0.075,0
Toremifene,hERG,1,0.25,14.7
Toremifene,hERG,2,0.25,9.5
Toremifene,hERG,3,0.25,5.3
Toremifene,hERG,1,1.25,27.2
Toremifene,hERG,2,1.25,21.3
Toremifene,hERG,3,1.25,17.9
Toremifene,Nav1.5-peak,1,0.025,0.1
Toremifene,Nav1.5-peak,2,0.025,0
Toremifene,Nav1.5-peak,3,0.025,0
Toremifene,Nav1.5-peak,1,0.075,0
Toremifene,Nav1.5-peak,2,0.075,0
Toremifene,Nav1.5-peak,3,0.075,0
Toremifene,Nav1.5-peak,1,0.25,0.6
Toremifene,Nav1.5-peak,2,0.25,0
Toremifene,Nav1.5-peak,3,0.25,0
Toremifene,Nav1.5-peak,1,1.25,11.2
Toremifene,Nav1.5-peak,2,1.25,2.8
Toremifene,Nav1.5-peak,3,1.25,5.1
Toremifene,Nav1.5-late,1,0.025,0
Toremifene,Nav1.5-late,2,0.025,0
Toremifene,Nav1.5-late,3,0.025,0
Toremifene,Nav1.5-late,1,0.075,0
Toremifene,Nav1.5-late,2,0.075,0
Toremifene,Nav1.5-late,3,0.075,0
Toremifene,Nav1.5-late,1,0.25,1.4
Toremifene,Nav1.5-late,2,0.25,0
Toremifene,Nav1.5-late,3,0.25,0
Toremifene,Nav1.5-late,1,1.25,5.9
Toremifene,Nav1.5-late,2,1.25,11.1
Toremifene,Nav1.5-late,3,1.25,24.8
Toremifene,Cav1.2,1,0.025,0
Toremifene,Cav1.2,2,0.025,0.09
Toremifene,Cav1.2,3,0.025,4.1
Toremifene,Cav1.2,1,0.075,3.4
Toremifene,Cav1.2,2,0.075,0
Toremifene,Cav1.2,3,0.075,0
Toremifene,Cav1.2,1,0.25,0.8
Toremifene,Cav1.2,2,0.25,0
Toremifene,Cav1.2,3,0.25,2.3
Toremifene,Cav1.2,1,1.25,2.4
Toremifene,Cav1.2,2,1.25,0
Toremifene,Cav1.2,3,1.25,3.5
Toremifene,Cav1.2,4,1.25,3.7
Toremifene,Cav1.2,5,1.25,11.8
Toremifene,KvLQT1/mink,1,0.025,0
Toremifene,KvLQT1/mink,2,0.025,2.1
Toremifene,KvLQT1/mink,3,0.025,0
Toremifene,KvLQT1/mink,1,0.075,0
Toremifene,KvLQT1/mink,2,0.075,0.05
Toremifene,KvLQT1/mink,3,0.075,0
Toremifene,KvLQT1/mink,1,0.25,0
Toremifene,KvLQT1/mink,2,0.25,0
Toremifene,KvLQT1/mink,3,0.25,0
Toremifene,KvLQT1/mink,1,1.25,0
Toremifene,KvLQT1/mink,2,1.25,0
Toremifene,KvLQT1/mink,3,1.25,0
Toremifene,Kv4.3,1,0.025,1.7
Toremifene,Kv4.3,2,0.025,0.5
Toremifene,Kv4.3,3,0.025,0.5
Toremifene,Kv4.3,1,0.075,1.7
Toremifene,Kv4.3,2,0.075,0.2
Toremifene,Kv4.3,3,0.075,0.03
Toremifene,Kv4.3,1,0.25,1.9
Toremifene,Kv4.3,2,0.25,1.4
Toremifene,Kv4.3,3,0.25,0.6
Toremifene,Kv4.3,1,1.25,2.1
Toremifene,Kv4.3,2,1.25,0
Toremifene,Kv4.3,3,1.25,12.2
Toremifene,Kv4.3,4,1.25,0
Toremifene,Kir2.1,1,0.025,0
Toremifene,Kir2.1,2,0.025,0
Toremifene,Kir2.1,3,0.025,0
Toremifene,Kir2.1,1,0.075,0
Toremifene,Kir2.1,2,0.075,0
Toremifene,Kir2.1,3,0.075,0
Toremifene,Kir2.1,1,0.25,0
Toremifene,Kir2.1,2,0.25,0
Toremifene,Kir2.1,3,0.25,0
Toremifene,Kir2.1,1,1.25,0
Toremifene,Kir2.1,2,1.25,0
Toremifene,Kir2.1,3,1.25,0
Verapamil,hERG,1,0.005,0
Verapamil,hERG,2,0.005,3.6
Verapamil,hERG,1,0.05,8.5
Verapamil,hERG,2,0.05,15.4
Verapamil,hERG,3,0.05,14.3
Verapamil,hERG,1,0.15,18.8
Verapamil,hERG,2,0.15,18.5
Verapamil,hERG,3,0.15,24.8
Verapamil,hERG,1,0.5,44.4
Verapamil,hERG,2,0.5,44.4
Verapamil,hERG,3,0.5,44.5
Verapamil,hERG,1,1,77.2
Verapamil,hERG,2,1,74.1
Verapamil,hERG,3,1,68.7
Verapamil,Nav1.5-peak,1,0.05,0.8
Verapamil,Nav1.5-peak,2,0.05,0
Verapamil,Nav1.5-peak,3,0.05,0
Verapamil,Nav1.5-peak,1,0.15,0.3
Verapamil,Nav1.5-peak,2,0.15,0.6
Verapamil,Nav1.5-peak,3,0.15,0
Verapamil,Nav1.5-peak,1,0.5,0.8
Verapamil,Nav1.5-peak,2,0.5,0
Verapamil,Nav1.5-peak,3,0.5,0
Verapamil,Nav1.5-peak,1,1,1.2
Verapamil,Nav1.5-peak,2,1,0.2
Verapamil,Nav1.5-peak,3,1,0
Verapamil,Nav1.5-late,1,0.05,8.1
Verapamil,Nav1.5-late,2,0.05,0
Verapamil,Nav1.5-late,3,0.05,0
Verapamil,Nav1.5-late,1,0.15,9
Verapamil,Nav1.5-late,2,0.15,0
Verapamil,Nav1.5-late,3,0.15,0
Verapamil,Nav1.5-late,1,0.5,6.4
Verapamil,Nav1.5-late,2,0.5,0
Verapamil,Nav1.5-late,3,0.5,0
Verapamil,Nav1.5-late,1,1,6.6
Verapamil,Nav1.5-late,2,1,0
Verapamil,Nav1.5-late,3,1,0
Verapamil,Cav1.2,1,0.005,6.5
Verapamil,Cav1.2,2,0.005,4.3
Verapamil,Cav1.2,3,0.005,1.1
Verapamil,Cav1.2,1,0.05,22.6
Verapamil,Cav1.2,2,0.05,20.9
Verapamil,Cav1.2,3,0.05,19.4
Verapamil,Cav1.2,1,0.15,50.5
Verapamil,Cav1.2,2,0.15,28.9
Verapamil,Cav1.2,3,0.15,40.1
Verapamil,Cav1.2,4,0.15,35.9
Verapamil,Cav1.2,1,0.5,89.8
Verapamil,Cav1.2,2,0.5,67.2
Verapamil,Cav1.2,3,0.5,68.9
Verapamil,Cav1.2,1,1,99.6
Verapamil,Cav1.2,2,1,77.7
Verapamil,Cav1.2,3,1,79.7
Verapamil,KvLQT1/mink,1,0.005,0
Verapamil,KvLQT1/mink,2,0.005,0
Verapamil,KvLQT1/mink,3,0.005,2.7
Verapamil,KvLQT1/mink,1,0.05,0
Verapamil,KvLQT1/mink,2,0.05,3.4
Verapamil,KvLQT1/mink,3,0.05,4.7
Verapamil,KvLQT1/mink,1,0.15,0
Verapamil,KvLQT1/mink,2,0.15,1.6
Verapamil,KvLQT1/mink,3,0.15,8.2
Verapamil,KvLQT1/mink,1,0.5,0
Verapamil,KvLQT1/mink,2,0.5,1.8
Verapamil,KvLQT1/mink,3,0.5,5.4
Verapamil,Kv4.3,1,0.05,0.9
Verapamil,Kv4.3,2,0.05,0
Verapamil,Kv4.3,3,0.05,0
Verapamil,Kv4.3,1,0.15,0.9
Verapamil,Kv4.3,2,0.15,3.2
Verapamil,Kv4.3,3,0.15,0
Verapamil,Kv4.3,1,0.5,8.4
Verapamil,Kv4.3,2,0.5,12.2
Verapamil,Kv4.3,3,0.5,3.2
Verapamil,Kv4.3,1,1,5.8
Verapamil,Kv4.3,2,1,15.6
Verapamil,Kv4.3,3,1,8.2
Verapamil,Kir2.1,1,0.05,0
Verapamil,Kir2.1,2,0.05,2.9
Verapamil,Kir2.1,3,0.05,0
Verapamil,Kir2.1,1,0.15,0
Verapamil,Kir2.1,2,0.15,9.1
Verapamil,Kir2.1,3,0.15,2.2
Verapamil,Kir2.1,4,0.15,0
Verapamil,Kir2.1,1,0.5,0
Verapamil,Kir2.1,2,0.5,1.9
Verapamil,Kir2.1,3,0.5,0
Verapamil,Kir2.1,1,1,0
Verapamil,Kir2.1,2,1,10.6
Verapamil,Kir2.1,3,1,1
